feature,importance
n_emoji,0.0061628373812718075
char_ @,0.005905373761094157
char__ù,0.005136833714112603
char_ù÷,0.004799880065005966
char_ _ù,0.004779190544611611
avg_word_len,0.0041468005876935795
char__ù÷,0.00393156865135218
upper_ratio,0.0038970578712074727
n_mention,0.003822485586072157
char_ _,0.003451064409144896
char_i ,0.003323193946152074
my,0.0031790977381616144
char_ _ù÷,0.003177287625974991
_ù,0.0031504954633588445
char_. ,0.003118468814511432
char_ i ,0.0030613808393236248
n_chars,0.002920657975883698
char_ my ,0.002859853964181705
char_ my,0.0027600185321002262
n_upper,0.0026383826380805215
char_ m,0.002630365409183409
char_ i,0.0025347393767581315
the,0.002516874004803109
char_nd ,0.002468850958803963
char_and,0.002462984249197561
char_my,0.0024536838075164876
char_ an,0.0024345053433081584
char_my ,0.0023369066120005545
char_y ,0.002323296840608195
char_ th,0.002306621077902298
char_the,0.002298353937942634
char_ the,0.0022624150223282753
char_he ,0.002222673868946384
n_words,0.0022101335237290965
char_ t,0.002170111015602733
char_e ,0.0021483374120023703
char_nd,0.002145700218758066
char_ and,0.0021430271014283254
punct_ratio,0.0021422778339990206
char_an,0.0020852577809570465
char_s ,0.0020732375763728066
char_t ,0.00206475988813519
char_th,0.002015724503588772
char_on,0.0020131035082756672
char_the ,0.00199753603935841
char_d ,0.001965357783001647
char_he,0.0019539474368599624
char_and ,0.0019018827448466892
char_ me ,0.0018448187864141305
char_ a,0.0018414667511036458
char_in,0.0018273100496488453
and,0.001816612991218115
char_ s,0.0017884907804733483
char_re,0.0017575164913240459
char_ h,0.0017398465769336417
char_play,0.0017241655572023144
"char_, ",0.0017097314013438767
char_la,0.0016813985622618208
char_ni,0.0016645158565754604
char_de,0.0016638191653939147
char_o ,0.0016354639045296543
char_ o,0.001631177276085057
char_ me,0.0016241682620663394
char_n ,0.001623370807887374
char_ce,0.0016086992905413348
char_me ,0.0016042536509664593
char_l ,0.0015762954088175227
me,0.0015675473076169066
char_ d,0.0015558083505059117
char_co,0.001550184924110687
char_ra,0.0014955564410069108
char_ l,0.0014895541122183496
char_ w,0.0014629489538726251
char_me,0.0014312877378225921
char_ g,0.00139821313343632
char_en,0.0013584915549799273
char_lo,0.0013553045813748893
char_a ,0.0013495017506293778
char_ y,0.0013411677294411246
char_er,0.0013405406292453593
char_ yo,0.0013371914621178494
char_ha,0.0013206222673367396
char_ c,0.001315652703637122
char_tr,0.00131118198203842
char_ p,0.00130309296412477
char_ou,0.0013022122746572105
char_ b,0.0012986140604546025
char_ea,0.0012893984938549875
n_punct,0.0012828536178838507
char_ng,0.0012790381190645463
char_or,0.0012771052419722347
char_ar,0.001260905091313917
char_it,0.0012591382777326137
char_ing,0.0012561355398306778
char_te,0.0012506074096714525
char_m ,0.0012429533855663726
char_ve,0.001241847117859894
char_st,0.0012400710936303933
char_to,0.0012385481078201572
char_t.,0.0012381947351342364
char_ a ,0.001230931415188438
co,0.0012287803175452304
char_at,0.0012204569808258031
char_ her,0.001218888368630516
char_on ,0.0012146286465832554
char_ed,0.0012118905291119298
char_hi,0.001211562026677047
char_ i',0.001207810326177465
char_÷_,0.0012065384198632007
char_h ,0.0011906187275672498
char_is,0.0011903539995330292
char_r ,0.0011821688806218783
char_ns,0.0011756787254129175
char_ing ,0.0011682889209369879
char_so ,0.00116627070415615
https co,0.0011604312747125678
char_ll,0.00115361188853808
char_lay,0.0011429324957000864
char_et,0.0011380892628191305
char_ot,0.0011362748180171723
char_le,0.0011335595981709992
char_ f,0.001131138058612706
char_ht,0.001127445664605639
char_ so ,0.0011268705033177697
char_f ,0.0011257932713623858
char_htt,0.0011174041058111593
char_ee,0.001114185530414032
char_ùª,0.0011140576675818528
char_es,0.0011046973593193858
char_/t,0.0010972296487910262
char_ to,0.0010914113610509567
char_ne,0.0010801500848688214
char_tt,0.001079827743285349
char_ly,0.001076553059883419
char_ck,0.0010711148308428097
char_ro,0.0010699788572337999
char_no,0.001064920410520553
char_ it,0.0010600053963270531
char_ you,0.0010581838479235906
char_g ,0.0010569199607815393
char_at ,0.0010561961944327066
char_ng ,0.0010510847874564205
char_ch,0.0010506798237931527
char_ e,0.001048434732764994
char_o/,0.0010460374946470773
char_al,0.0010397762599774383
char_en ,0.001038833357249156
char_se,0.0010386570974876227
char_ame,0.0010379346460239328
char_so,0.0010372637422515958
char_ of,0.0010301539823249692
char_tp,0.0010248377698384827
char_t.co,0.0010232168828861745
char_http,0.0010213061093294542
char_ fo,0.0010174255782663146
char_'m ,0.0010160060160353988
to,0.0010144657150381047
char_co/,0.0010091924136924582
char_re ,0.0009985602310405809
char_.co,0.0009980176612337211
char_ #,0.0009970852868789856
https,0.000985190216444758
char_ti,0.0009829615560087645
char_ gam,0.0009821318097629605
char_ to ,0.0009788679278955156
char_.c,0.000974238231877967
char_of,0.0009720028123774128
char_li,0.0009697585665941576
char_ on,0.0009694912086329019
char_er ,0.0009681065293219047
char_ htt,0.0009649745307577483
char_.co/,0.0009629664672021015
char_/t.,0.0009589427651983082
char_day,0.000957078858666522
char_il,0.0009565667976534913
char_el,0.0009554885698818815
char_s:,0.0009517100456101417
char_ut,0.0009503947269388031
char_yo,0.0009495732563679405
char_k ,0.0009473533700359579
char_ù÷_,0.0009460198176548773
char_all,0.0009447050903698097
char_of ,0.0009416443660926312
char_ r,0.0009363998882362176
char_ in,0.0009339563342284046
char_am,0.0009334360961364442
char_//,0.0009326963979095291
char_ n,0.0009321842979775473
char_tps,0.0009287233369981992
char_ir,0.0009281789612336237
char_do,0.0009256782448659228
char_or ,0.0009234427451697019
char_be,0.0009208277419549464
char_as,0.0009183310026994805
char_ps,0.0009120447074810669
char_/t.c,0.0009115014322787811
char_for,0.0009106590701206355
char_ow,0.000910446966114423
char_ ha,0.000909246646325237
char_us,0.0009057900592587489
char_rs,0.0009036755249674938
char_po,0.0009019677655950969
char_you,0.0008961722418141621
char_s://,0.0008950109386972887
char_://t,0.0008896302269108431
char_e.,0.0008877479627462813
char_es ,0.0008875423636375453
char_oo,0.000886000193508608
char_ ht,0.0008828508992191632
char_io,0.000881747481802054
char_ so,0.0008812254572985695
char_t.c,0.0008799448092896671
char_ed ,0.0008790862986355838
char_st ,0.0008724960502700542
char_ttps,0.0008721208310226629
char_ly ,0.0008700879773496932
char_to ,0.0008698388271156941
char_ts,0.0008614984884381801
char_ay,0.000857729003432159
char_gu,0.0008574848447173355
char_ps:/,0.0008558905579866196
char_ttp,0.000851716528718821
char_da,0.0008504747370448382
char_- ,0.0008452152468673123
char_ of ,0.0008449275506056146
you,0.0008448281775977167
char_un,0.0008445282095283175
char_av,0.0008377845527025732
char_nt,0.0008350933651835341
char_os,0.0008325045152281822
char_i'm,0.0008292473748404998
char_in ,0.0008277710447375289
char_//t.,0.0008247435191915041
char_ i'm,0.0008239073204300256
char_ li,0.0008227922949058703
char__ùª,0.0008223942310400987
char_ga,0.0008211049508742612
char_i'm ,0.0008207959992693129
char_ca,0.00081892888357153
char_ll ,0.0008145237668639776
char_ j,0.0008138999308862037
char_ma,0.0008079983703145972
char_ta,0.0008042274628819321
char_fo,0.0008032143697531973
char_tps:,0.0008022274880269591
char_ol,0.0007988691174661591
char_ad,0.0007986065281292827
char_wa,0.0007970734869033558
char_ome,0.0007941619243442644
char_i',0.000791581306965402
char_game,0.0007909028118831847
char_love,0.0007898088165030329
char_ur,0.0007895920381457868
char_w ,0.0007888096690509842
char_om,0.0007876306648253689
char_bo,0.0007874565146740225
char_u ,0.0007856511940661678
char_we,0.0007856364136158342
char_ig,0.000780046028869073
for,0.0007799311113043318
char_op,0.0007793947584258983
char__,0.0007773167715345916
char_ps:,0.0007755518141349327
char_:/,0.0007736172075675051
char_ri,0.0007734232180701916
char_bu,0.0007671449394260454
char_go,0.0007667189128590891
char_ve ,0.0007654438186822435
char_ge,0.0007636633182111438
char_ie,0.0007626077761058483
char_ho,0.0007625010214691392
char_e. ,0.0007613663251912751
char_eve,0.000760791303527658
char_wi,0.0007571574253371792
char_ -,0.0007563603603585418
char_s.,0.0007552876427971574
char_hat,0.0007541496515467106
char_ou ,0.0007502809092528024
char_ go,0.000748683228731295
char_is ,0.000748656895678716
char_ de,0.0007470197993045692
char_ey,0.0007457177588231656
char_ke,0.0007446915809047011
char_em,0.0007428450922949861
char_si,0.0007425245667461404
char_://,0.0007421329110851056
char_ec,0.0007402164731589612
char_pa,0.0007299406666148242
char_pl,0.0007297150208567331
char_gh,0.0007296628576552305
char_ow ,0.0007296341260331942
char__ù÷â,0.0007295264208340358
char_lov,0.0007293145562675422
char_ba,0.0007284230025177648
char_ be,0.000727297991067969
char_//t,0.0007204044864182518
char_ac,0.0007192340853185112
on,0.0007181728827381925
char_mi,0.0007173751333030002
char_ on ,0.0007148411406578013
char_sh,0.0007116400144333054
char_ wa,0.0007107104660283019
char_ver,0.000708424816819586
char_ for,0.0007082455331182867
char_! ,0.0007040912230745191
char___ù,0.0007027148251314672
char_ lo,0.0007015201912471164
char_ove,0.0007015084254647933
char_ tha,0.0006983834067968773
char_'m,0.0006970674889970869
so,0.0006947343329752858
char_aye,0.0006896079724447071
char_wo,0.0006876639931052314
char_mo,0.0006858872998635812
char_ wo,0.0006833685177130333
char_ü,0.0006830966378051157
char_ùõ,0.0006823175047903564
char_her,0.0006817321186994476
char_od,0.0006799315574377275
char_ss,0.0006792993854111755
char_ith,0.0006759170280044724
char_s:/,0.0006708922537424758
char_pe,0.0006698219118247536
char_ in ,0.0006677656817039791
char_ent,0.0006677257605715342
char_ere,0.0006661685939153121
char_thi,0.0006657701170382234
char_ill,0.0006617674979310481
char_for ,0.000659985042629687
char_ thi,0.0006549546826618559
char_ld ,0.0006548124278523133
char_wit,0.0006527086458037825
it,0.0006520117455728657
in,0.0006515078102256363
char_you ,0.0006511045024541896
char_ever,0.0006508599361345401
char_ st,0.0006500409038117235
char_ wh,0.000646699855503274
char_ u,0.0006464637659254816
char__ù÷_,0.0006449169387148542
char_ ca,0.0006446062173710218
char_girl,0.0006442831058458277
char_pr,0.0006432909996018132
char__ ,0.0006412144309242268
char_le ,0.0006395374643060731
char_se ,0.0006369660575938025
char_ev,0.0006368302747463511
char_ he,0.0006367614475276168
char_are,0.0006350249946979747
char_wh,0.0006348876980335331
char_man,0.0006347703761226572
char_th ,0.0006329668489220866
char_ess,0.0006295031292777114
char_fu,0.0006292800193755724
char_an ,0.0006280280310204022
char_ry,0.0006260512080004989
char_hat ,0.0006221985443355994
char_fi,0.0006212935720837785
char_im,0.0006208677149407109
char_ur ,0.0006203337226154961
char_ we,0.0006201120397103852
char_ot ,0.0006198908062591622
char_ re,0.0006166975402694177
char_ ge,0.0006165192079023436
char_et ,0.0006153217419300704
char_ter,0.0006135471769587228
char_fl,0.0006133556061634179
char_..,0.0006131321982016576
char_ts ,0.0006129665490762073
char_ell,0.0006129533777161214
char_ally,0.0006120000980175648
char_lin,0.0006118894058761126
char_sa,0.0006116893882230456
char_ ch,0.0006113483794416044
char_rk,0.0006112614443430507
char_ do,0.0006105359074310392
char_ ev,0.000609342281119203
char_if,0.0006091263127915247
char_gi,0.0006046649688726227
char_ust,0.0006008959119336294
char_ ma,0.0006004165170346311
char_ave ,0.0005995247332888115
char_ay ,0.0005966947575717028
char_our,0.0005962360357352497
char_ it ,0.0005946893947561419
her,0.0005934445379173111
char_bl,0.0005925976895798012
char_rea,0.0005925621774468272
char_ wi,0.0005917404259498434
char_nn,0.0005909385965104066
char_tu,0.0005906297046596113
at,0.0005899843662462765
char_rt,0.000589419444759449
char_@a,0.0005893788796823467
char_fa,0.0005868470049223667
char_ ho,0.0005846156484017184
char_ eve,0.0005839639878721507
char_just,0.0005798958673014363
char_'s ,0.0005796361041458884
char_ion,0.0005785529833581292
of,0.000577397545236526
char_ wan,0.0005766637348275333
char__ùõ,0.0005765896052900093
char_ill ,0.0005749731703775938
char_ai,0.0005732769328177004
char_ake,0.0005731834427396114
that,0.0005714856834825287
char_gir,0.0005703706600641916
char_ is,0.0005670951300625119
char_sp,0.0005662489908190086
char_ov,0.0005657997695204975
char_it ,0.0005657725005541863
char_lli,0.0005652709861687828
char_lly ,0.0005648249532479617
char_ pla,0.0005648002360975336
char_ no,0.0005629824536372128
char_ove ,0.0005629442415780116
char_ k,0.0005625559428848857
char_ul,0.0005622665719830925
char_ag,0.000561863422770156
char_some,0.0005609358118189994
char_ sa,0.0005604883170327227
char_...,0.0005598332510899193
char_t',0.0005588343899401088
char_gam,0.000557603398513302
char_ak,0.0005551264915387006
char_ate,0.0005538408925962478
char_out,0.0005534986840303674
char_ok,0.0005529403596523947
char_rie,0.0005519252891290685
char_ ar,0.0005506556507887103
char_ _ùõ,0.0005493660139392642
char_ is ,0.0005490536258684563
char_ju,0.0005478915357923201
char_ut ,0.000547089165376208
char_tha,0.0005467899390323633
char_di,0.0005466035269449191
char_ic,0.000545812857238475
n_exclamation,0.0005456034991869398
char_'t ,0.0005446246247323605
char_uc,0.0005445416033857354
char_ pr,0.0005438051664302071
char_ get,0.0005431133487317615
char_ sh,0.000542355195775085
char_her ,0.0005416533097028901
char__,0.0005404857578927086
char_ap,0.0005363954588378448
char_ - ,0.0005363627252213819
char_ ne,0.0005353741206174637
char_here,0.0005351455106617784
char_ jus,0.0005320504516635677
char_ co,0.0005290808969829332
she,0.0005288937116886095
char_ke ,0.0005281961677326224
char_ey ,0.0005272266903560583
char_ere ,0.0005271630637457009
char_ia,0.0005265617415859553
char_te ,0.0005265110156421085
char_c ,0.0005248110365302019
char_ty,0.0005239551465740445
char_ pe,0.0005236656608529434
just,0.0005233183953323
char_ se,0.0005223528638739552
char_nc,0.0005221420216469692
char_br,0.0005211149820168643
char_eo,0.0005203314978126604
me and,0.0005198190095986377
char_÷â,0.0005194162896729412
char_his,0.0005194036410097439
char_one,0.0005174433007995813
char_fr,0.000516198296473417
char_ wit,0.0005157891626404623
char_ gi,0.0005145520344720632
char_su,0.0005144523370475446
char_ al,0.0005141768553462631
char_your,0.0005137224236074696
char_now,0.0005129991722079017
char_his ,0.000512824230004379
char_s. ,0.0005125638899869914
char_nt ,0.0005115533506496354
char_jo,0.0005097789260946107
char_ld,0.0005091517450362192
char_jus,0.0005077776307686328
char_sta,0.0005073260082584391
char_ whe,0.000506888270694469
char_ gir,0.0005066920122771735
char_are ,0.0005052521303817295
char_ ju,0.0005041455553140957
char_id,0.0005036854903365958
char_ @t,0.0005020221289950004
char_n't ,0.0005002088496098793
char_day ,0.000500022969496291
char__,0.0004998528664636762
char_ü,0.0004991630176970814
char_: ,0.0004980502105572146
char_au,0.0004967490019723807
char_ci,0.0004967059524147884
char_one ,0.0004965483421537288
char_get,0.0004962318552968057
char_pi,0.0004959833488529358
char_nk,0.000495537257004871
char_ki,0.0004951593509569654
is,0.0004943912815066885
char_ wor,0.0004934828695537654
char_as ,0.000492344291936452
char_ all,0.00049217993472835
n_hashtag,0.0004918939561028211
char_t. ,0.0004918317906686307
char_not,0.0004915839374661334
char_ü,0.0004858814448526934
char_gr,0.0004850674391890106
char_ fi,0.00048268487676866097
char_na,0.0004820367664983472
char_dr,0.000479244872523563
he,0.000478824668077254
char_ hav,0.0004782212522895842
char_thin,0.0004780423956308864
char_this,0.0004777822171221489
all,0.00047711190442137943
char_ tr,0.0004764874658401974
love,0.0004762486692986248
char_with,0.0004746805012688649
char_ery,0.0004746380605736401
char_tor,0.00047334609769570106
char_ mo,0.00047254507960172885
char_÷_ ,0.000471918557716095
char_een,0.00046957700148270664
be,0.00046891710507937327
char_int,0.0004684916185053527
char_eat,0.0004672240327297288
char_ex,0.0004668985543551744
char_'t,0.00046648072109417793
char_rd,0.0004659964199288499
char_our ,0.0004653739855136864
char_vi,0.00046482214212853067
char_ne ,0.00046432491832767514
char_ch ,0.0004641296211078315
char_llo,0.0004638399828425351
char_hin,0.0004637110501892884
char_bi,0.00046271736114525115
char_ ta,0.00046187380617097504
char_rl,0.00046029750841502154
char_lly,0.0004600417778401801
char_ds,0.00045994753318551884
char_@n,0.0004578542291735416
get,0.00045768052508833075
char_min,0.0004548323738301544
char_ab,0.0004546859685080945
char_p ,0.0004545016071991425
char_dy,0.0004541667488203629
char_fe,0.0004536282607038643
char_get ,0.00045341749447921415
char_ru,0.0004513764058306661
char_ls,0.0004513498317855033
char_ns ,0.0004508308678332106
char_pla,0.0004502858920536918
char_rr,0.00045017122066754324
char_can,0.00044981111147451917
char_ v,0.0004488980393045555
char_irl,0.0004469725843401269
char_ple,0.00044480559455588076
char_t's ,0.00044333118960272186
char_ff,0.00044257819865777177
char_,0.0004424777220703459
with,0.0004421983404158927
char_ bu,0.00044114109300241104
char_ep,0.00044023229392891244
char_an',0.000437522831443362
char_... ,0.0004361767216051369
char_ ou,0.00043610535511995097
char_ce ,0.0004356793463191344
char_ef,0.00043390573854124606
char_ore,0.0004338032543432179
char_por,0.0004308936342143066
char_ pa,0.00043041774459253617
char_cha,0.0004294613077171144
char_wor,0.0004269130675113137
char_ da,0.00042606364424106963
char_that,0.00042467620888029454
char_ye,0.0004239007834842612
char_ther,0.0004238387326386219
char_ary,0.00042090858055781596
char_ith ,0.0004206242142141147
char_was,0.00041984026359896253
char_be ,0.0004185713865412443
char___,0.0004174461012427024
char_ wel,0.00041717598834000087
char_ pl,0.00041713621502468884
char_ans,0.0004142838426448714
char_ad ,0.0004136737047550577
char_ct,0.00041301830538676245
char_ks ,0.0004128094145706272
char_llow,0.0004120725595251677
have,0.0004116650748008249
char_@b,0.0004113618198810512
char_sti,0.000410611375630547
char_@d,0.0004104469385062244
char_ds ,0.00041011674682891276
char_low,0.00041000114000086686
char_ com,0.00040947073767100034
char_tin,0.00040936426670770833
char_ght,0.0004090281143826322
now,0.00040827964450829526
char_al ,0.00040699505801589797
char_hen ,0.00040655274507379034
char_een ,0.00040521154424003275
char_ cha,0.00040416538745423146
char_ ti,0.0004040959060919104
char_ fr,0.000403850567300377
char_und,0.0004036618654149457
char_ hi,0.00040349960692388635
char_ as ,0.0004034845122337635
char_nl,0.0004034747953416755
char_ook,0.000403319943498104
char_rs ,0.0004029375494932744
char_ù÷_ ,0.00040028408328294856
char_ave,0.00039840285099259303
char_ù÷â,0.0003976145342091544
char_sto,0.00039758852238616274
char_ug,0.00039751033920273795
char_est,0.0003973310257164644
char_gl,0.00039700723400777583
char_ ba,0.0003968423725146529
char_yi,0.00039452095473322513
char_som,0.0003937620390675529
char_hav,0.00039310228029596194
game,0.0003926858997721674
char_ome ,0.0003924650864218053
char_ted,0.000390372997563788
char_ up,0.00039010558348013944
char_ive ,0.00039002356639899246
char_â_,0.0003898289267984996
but,0.0003885494032301555
char_han,0.00038776407285947656
char_ew,0.0003877627138017174
char_ant,0.0003874349950293625
char_ting,0.0003873287038084465
char_ud,0.00038730235668375205
char_by,0.0003865708348181891
char_ei,0.0003857963559672403
char_sc,0.000385634236830867
char_she,0.0003852461373395943
char_way,0.0003840211141898781
char_art,0.0003835559925309885
your,0.00038334233186292045
char_ be ,0.00038287982213972856
char_cia,0.000382799959023776
char_ould,0.00038168874637622475
people,0.00038059078986296907
char_ 1,0.0003799721759626297
char_ rea,0.00037996430407051085
char_ah,0.00037977260279418377
char_very,0.0003794805398181304
char_son,0.00037930829410549383
char_tim,0.0003792421711446695
char_but ,0.00037909717171901466
char_hen,0.0003787829077233244
char_cr,0.00037625288306933347
char_ ,0.00037586968254349284
char_but,0.0003754854061087394
char_ mi,0.0003753966846863301
char_all ,0.00037397505661232114
char_ile,0.0003734790577955637
char_lu,0.0003727736564912255
char_mp,0.00037272576457208264
char_ann,0.00037192705769579907
char_hei,0.0003715354812270309
char_up,0.0003710211910623773
char_chi,0.000370883975438078
char_king,0.0003706819279476609
one,0.0003691774689712168
char_app,0.00036917176820421054
char_.. ,0.00036869947184410237
char_i'v,0.00036839853492484154
"char_s,",0.00036825090225078047
char_igh,0.00036735967358683403
char_per,0.00036610760085592774
char_n't,0.00036520534450926667
char_ers ,0.0003650043551963216
char_oy,0.0003645452388370522
char_ di,0.0003642424015826468
char_ day,0.00036332736706675187
char_ayi,0.00036328241485080316
char_ight,0.00036282768584927584
char_cl,0.00036282213138727205
char_ te,0.00036277531668274467
char_ jo,0.00036263181360918136
char_iv,0.00036248430780252543
char_hing,0.0003623184441843911
char_'s,0.0003619512572058838
char_ck ,0.0003619472696556928
char_ @d,0.00036177138154047656
char_eg,0.0003616115814431727
char_ers,0.00036112848187076795
not,0.0003605136535599297
char_ bo,0.00035958150504185186
char_ik,0.00035949864054671347
char_ph,0.0003593339998917544
char_ati,0.0003590588871434644
char_ys,0.0003590566576824673
here,0.00035884977134055925
char_1 ,0.00035789194336671834
char_ but,0.00035787179414448975
char_oi,0.00035759285531765183
up,0.00035736212087240894
char_ how,0.00035722543362590344
char_ike ,0.0003571315189771112
char_we ,0.00035711577622459965
char_was ,0.000356866282649264
char_out ,0.0003562603591713974
char_ fa,0.00035606040584574834
char_ en,0.0003555916059583332
char_hey ,0.00035548855405961546
char_lik,0.00035458479489151304
char_@j,0.00035458329787684337
char_like,0.00035369161917423955
they,0.0003534506676335395
char_ht ,0.0003534082126352618
char_home,0.00035336280222675743
char_ple ,0.00035319917549503864
char_she ,0.00035195892231554255
char_ if,0.00035148938434619443
char_ was,0.00035102647245469293
char_ear,0.000350850664177071
char_end,0.00035041722487281417
char_ le,0.00034932928902648124
char_ood,0.0003483527064882034
char_ini,0.0003478777996528837
char_us ,0.0003475981349578818
char_say,0.0003475624827287941
char_kin,0.00034715873526061246
char_eas,0.0003469025248463647
char_yin,0.0003448569344286555
char_lt,0.0003447665626196263
char_tw,0.0003442426172051541
"char_t, ",0.0003429877005357779
char_ not,0.0003424778532786294
here https,0.0003422313336412834
char_don',0.00034193800253682445
char_lay ,0.0003418394474300169
char_ she,0.0003416509722413481
char_can ,0.0003416420880669158
this,0.0003411729946235124
char_ @n,0.00034091194281225785
char_ter ,0.00034049473930881165
char_hey,0.00034022423653535714
char_ he ,0.00034003677290008025
char_ame ,0.00033925071969614
char_con,0.0003391060188788259
char_n. ,0.00033879244461746267
char_ese ,0.00033820285681392364
char_when,0.00033803459877176434
char_uck,0.00033764264892090836
char_fan,0.0003375669121406965
char_ent ,0.00033754813743377027
char_whe,0.00033705229649229443
char_mor,0.0003360184562492362
char_ran,0.0003358020053178247
char_ee ,0.0003350054864872895
char_wel,0.00033440423707124627
char_t's,0.00033350801997830324
char_ su,0.0003333598765380727
char_ù_,0.0003329575094378663
char_ lit,0.00033292154543850677
char_ fu,0.0003328109932090434
char_ilo,0.0003322726109537101
char_oa,0.00033206946310270847
char_ack,0.00033204741955512895
char_af,0.0003308131904345811
char_) ,0.00033074395508498147
char_pu,0.00033065963841421594
char_ at ,0.00033065205232947264
char_ant ,0.0003306342632625953
char_ust ,0.000330252162757574
char_oth,0.0003301689053113291
are,0.0003297271453017641
char_ tra,0.0003296411764154021
char_ton,0.0003294379006472935
char_oc,0.00032905963207878697
char_rn,0.0003288682481284179
char_com,0.00032883438965743356
char_ br,0.0003283808755166008
char_eet,0.00032802115888166277
char_ som,0.0003274460978817946
as,0.0003263933486527851
char_not ,0.0003252328867499256
char_ugh,0.00032521161418562976
in the,0.00032500439335320395
char_kn,0.0003247774332774454
char_b ,0.00032476557797134794
char_ @b,0.0003244347907433687
char_eam,0.000323405243440924
char_ are,0.0003231010393427128
char__ü,0.0003222480939204267
char_ got,0.00032201204433078106
char_wee,0.000321730573559336
char_pro,0.0003217278533251116
of the,0.00032076900837972567
char_um,0.0003206830840716901
char_aw,0.0003203527115050741
char_ kn,0.00031966804022493856
char_? ,0.0003195238338381787
char_do ,0.0003194170572586865
char_n.,0.00031885536785641357
char_real,0.00031881374362716206
"char_s, ",0.00031880278178257723
char_nde,0.0003186699820357262
char_ite,0.0003185542222261571
char_now ,0.00031770385297023315
char_ain,0.00031700780865751157
char_rin,0.0003163886576126698
char_ lov,0.00031538388920012794
char_ote,0.00031516636158344745
char_uld ,0.0003145560246518984
don,0.00031443068977193503
char_ wil,0.00031431396577249527
char_ive,0.00031385468726424293
char_oe,0.0003138386731756568
go,0.0003130299710086394
char_ at,0.0003128053087017274
char_ze,0.00031261148881632175
char_how,0.0003125401174458446
char_it',0.00031164572187107647
char_n',0.0003111111477944858
char_ost,0.0003110911371188798
char_bes,0.0003109344697456045
char_tion,0.0003103804106039614
char_foll,0.00031037977453362344
char_ü ,0.00031022273260009016
char_nly,0.00031015701856633546
char_ind,0.0003092718930731394
char_men,0.0003087623562913035
char_tra,0.00030873139516307416
char_ @a,0.00030871867265411663
char_its,0.00030836853845559755
char_they,0.00030830913087262274
char_ sc,0.0003082502997793097
char_has,0.0003075361386948835
char_ by ,0.0003073968798920158
out,0.0003070780476979863
char_ead,0.00030705257665320304
char_ @j,0.0003068452190498368
char_peo,0.0003068422286225787
char_nk ,0.00030604729519010266
char_par,0.0003057635366347617
char_ui,0.0003056899352162194
char_ peo,0.00030530897310313926
char_best,0.00030502900438095454
char_gre,0.00030480973481390305
char_yl,0.0003048057435542641
char_what,0.0003043916913602238
char_va,0.00030426190561265584
char_let,0.00030383682934924746
would,0.0003033494850441132
char_@c,0.00030306706783053136
char_oll,0.0003026224764641674
char_ ab,0.0003024894841259214
char_ink,0.00030206123774398206
char_ib,0.00030181043174472316
char_time,0.00030152180265324434
char_ople,0.00030136379143419495
char_nin,0.00030125510552342876
char_ ,0.00030079542975076495
char_ i'v,0.00030070695456509513
char_ ce,0.00030049571712619275
char_est ,0.00030019865605505604
char_@m,0.0002998544882555467
for the,0.0002994714194764235
char_ny,0.00029938769653166874
char_ up ,0.00029927205059769363
char_have,0.00029913855988529287
char_ue,0.0002986075085753638
char_har,0.00029785160676872144
char_pp,0.0002971338360788278
char_2 ,0.00029694557966502557
char_it's,0.00029612267004647795
char_sed ,0.00029607959868095375
char_de ,0.00029556610032087865
char_son ,0.00029514846757474256
char_ollo,0.000294156770026212
char_car,0.00029415342442760977
char_ned ,0.00029385378583343246
char_ sta,0.0002932993286398974
char_ la,0.0002931513366457918
char__ù_,0.0002931496175973625
char_ #p,0.0002930939111526312
char_weet,0.00029275591928232627
was,0.00029258563239796005
char_sk,0.00029257466616501197
char_oy ,0.0002920941825181051
char_str,0.0002916754233140716
char_ast,0.00029113132425658087
char_ks,0.00029110818653434975
char_lar,0.0002909041133975309
char_tio,0.0002904433034560417
"char_ """,0.00028997455388487094
char_ fuc,0.00028982376892068015
char_ob,0.0002897166763779342
if,0.0002895668938843414
char_ can,0.00028934085394897763
char_ani,0.00028863860208597057
char_ sho,0.00028834820830400746
char_û,0.0002881596390674813
char_lf,0.00028801947734731216
char_kes ,0.0002880070150843995
char_ per,0.00028788720309935045
char_der,0.00028781535190242725
char_new,0.0002871899701693178
char_ste,0.000286317292392531
char_ine,0.0002860471899799954
char_fol,0.00028585828934455054
char_bout,0.00028557494003563535
char_ ra,0.0002854974348309539
char_ew ,0.0002853818198725482
char_row,0.00028512708128166725
char_ast ,0.00028502668132775096
char_know,0.00028373704328425465
char_ime ,0.0002835754754383977
char_oing,0.0002835378641304745
char_cu,0.0002833449082769132
char_ist,0.0002833027982965974
"char_t,",0.00028322030933775955
char_ us,0.0002828888326937834
char_bs,0.00028274343422925527
char_wha,0.00028234338077844806
char_og,0.0002818278568150907
char_ice ,0.0002814610888041809
char_nte,0.0002811212748270585
char_om ,0.0002808761511104191
char_ hom,0.0002806694657184902
char_les,0.00027926186059850885
char_eal,0.0002791245743853513
char_make,0.00027904998262283576
char_ore ,0.00027899238122391196
char_cut,0.00027889305875349263
char_hil,0.0002786490425144644
char_tc,0.00027789000014819833
char_by ,0.0002775653611688472
char_mm,0.0002773543396776728
char_othe,0.0002770185260019576
char_ali,0.00027699930075712986
char_tel,0.0002761391988660491
char_ won,0.0002759959498190434
char_ry ,0.00027572463216326935
char_come,0.0002756590984471909
only,0.0002755195626620618
char_nce ,0.0002747878680941568
char_how ,0.00027475953176390224
char_ it',0.00027406650658518884
char_ @c,0.0002732962820027959
char_mes,0.00027325227726574626
char_tl,0.00027324972627602927
char_ fe,0.0002730520907920283
char_las,0.00027290446437978075
char_wan,0.00027237861596121637
char_age,0.00027177794588464146
char_ (,0.00027177350181659316
char_itt,0.00027115490965679933
char_ean,0.0002709892214269494
char_ bi,0.0002703846775143037
char_ @m,0.0002702748243339437
char_pre,0.0002698323900689302
char_lan,0.0002696904952473576
char_peop,0.0002693432588000964
char_res,0.00026835844086292544
char_oun,0.00026783832330267847
char_wed,0.00026773724583168383
char_@r,0.00026763455002515036
char_tes,0.00026734410263170726
char_ted ,0.0002672937702276095
char_hel,0.00026685884519742054
char_ gr,0.0002667234730017271
char_ike,0.0002664503374427306
can,0.000266406039086505
char_ght ,0.00026625020284605234
char__ü,0.00026584245397719933
char_up ,0.00026564175400389464
char_ver ,0.0002655242806627593
char_#a,0.0002654350418438639
char_grea,0.00026540859018938734
char_od ,0.0002648465561129684
ve,0.0002645415739737211
char_lla,0.00026408665593209425
char_mat,0.00026404772259846723
char_tter,0.00026361613166801904
char_ one,0.0002635643227875781
char_cre,0.0002631633960510156
char_go ,0.00026253937369033
char_ sp,0.0002620154428416851
char_lp,0.00026195720373922373
char_awar,0.0002619228015161054
char_ies,0.00026175148939895773
char_ too,0.00026114225776311723
char_rom,0.00026099588977712733
char_ryd,0.00026060220245996147
char_gg,0.0002603580590078298
char_ssi,0.0002603558731664542
char_nf,0.00026032774847781583
char_tch,0.0002602945364390694
char_ û,0.00025974121885150275
char_abo,0.0002593543210693973
char_ ni,0.0002589374540277795
char_loo,0.0002588045399689749
char_; ,0.00025815312151361206
char_ mak,0.00025794121399211697
char_ber,0.0002576686388081996
char_ bl,0.00025723533131603816
char_mu,0.0002566713236932
char_ar ,0.0002565527103226666
char_ka,0.00025635816938752217
char_hom,0.00025615075762284577
char__,0.00025614398347152705
char_don,0.00025486714268374013
char_na ,0.00025456725560214457
char_att,0.0002544559469069541
char_alk,0.000254366673825962
char_fuck,0.0002543468144239696
char_eed,0.00025425903228630336
we,0.0002542146226705761
char_ris,0.0002541208128440765
char_ss ,0.00025411187899657475
char_eb,0.0002537726282933212
char_ go ,0.00025350746207754174
char_ @f,0.00025256711076595515
char_ons,0.00025176276756832524
char_nig,0.00025133098756336666
char_ic ,0.00025116863543765537
char_ gu,0.00025048419651750765
got,0.0002499396373492724
char_ 2,0.0002498644578619843
char_thes,0.0002498103742452393
char_cti,0.0002494324592635804
char_ble,0.00024929225791313066
char_its ,0.00024891545609507734
char_ua,0.00024868355132814484
char_ù÷â ,0.00024866105787909037
char_ten,0.0002486441407125529
char_ol ,0.0002479483252135359
char_nce,0.0002476087817647221
char_ase,0.00024744133033531275
char_leas,0.0002472205856878471
char_ do ,0.0002469164262036323
char_ @g,0.0002467735140744686
char__,0.000246567479456897
char_hou,0.00024651899155662255
char_want,0.00024648551242152287
char_ok ,0.0002459274107644966
char_3 ,0.00024575677160516173
char_usha,0.0002455304335878074
char_im ,0.0002453433843913209
char_d. ,0.00024494144641162846
char_ick,0.0002448790614874726
char_che,0.0002447860197497229
char_hu,0.0002446193252653267
will,0.000244374818145137
char_ls ,0.00024426691349477216
char_rg,0.0002442556988981288
"char_e,",0.0002440541708545398
char_oke,0.00024377486742559816
char_ who,0.00024326525861970014
char_ett,0.0002431146517719095
when,0.00024268511124941013
char_ong,0.0002422541657234973
char_ hap,0.00024199115097469997
char_ip,0.00024192358733412825
its,0.0002417904546126198
char_ out,0.00024175539408209952
char_will,0.00024169199998427964
char_who,0.0002414908773800013
re,0.00024145865498039404
char_ we ,0.0002412508193957271
char_du,0.00024101054188126243
char_ies ,0.0002409427346304427
char_ese,0.00024090184863938174
char_ ga,0.00024076026906913713
char_ady,0.0002407243518063356
"char_e, ",0.00024070310638864994
char_ûª,0.00024058063754593825
char_ope,0.0002403580771463297
char_owe,0.00024033178885093744
char_ cou,0.00023955400338448706
char_sed,0.00023899599590336678
char_if ,0.00023899445583635545
char_whi,0.00023896741116345322
char_ure,0.00023890000155435499
char_uld,0.00023843495083084284
char_dy ,0.00023804377122087163
char_nds ,0.00023803798837668735
char_oul,0.00023780114248144813
char_ abo,0.00023734030532052873
char_use,0.00023722615827295808
char_uen,0.00023711474300006219
char_id ,0.00023663807357309077
char_gs,0.00023637575743292688
char_rc,0.0002359855999719191
char_@l,0.00023597459293686924
char_tti,0.00023564155397636224
char_oin,0.00023529771658671649
char_ge ,0.00023509961976900565
char_ake ,0.00023509842545945702
char_cal,0.00023509817170819827
char_!! ,0.00023492356162978806
char_nu,0.00023484175644577896
char_ hel,0.00023476924409857706
char_ney ,0.0002347595171154413
char_opl,0.00023392664315419938
char_ica,0.00023372260775276165
on the,0.00023322845796656976
char_ lik,0.00023318682107513057
char_rt ,0.00023314938682896197
char_ ye,0.00023310896186245052
char_ :,0.00023296422225313725
char_nes,0.00023286023297578592
char_r. ,0.00023268254201333792
char_more,0.000232361357728991
char_ pi,0.0002320833411751323
char_nst,0.000231745520154288
char_ see,0.00023168246291044862
char_sl,0.0002315066569881821
to the,0.00023116209499048708
char_yea,0.00023104510283528644
char_ wha,0.00023104457776441516
how,0.00023086898828015922
char_ub,0.00023083195942496238
char_â ,0.00023046592909248278
char_shi,0.00023037789785009463
char_ if ,0.00023000703371510803
char_ or,0.00022980369033158803
n_question,0.0002293742502128594
char_nda,0.00022919835097170432
char_ po,0.00022906972117177989
char_ as,0.0002289683527269756
char_ ro,0.00022886961573188774
char_hap,0.00022882991596101572
char_caus,0.00022862164982680874
char_ nig,0.0002285578670205561
char_wr,0.00022797883622274151
char_got,0.00022784378790581888
char_ime,0.0002273531424656702
char_ife ,0.0002270974947313017
char_hank,0.00022672380849342893
char_ama,0.00022600645338471045
char_sin,0.00022598829728181127
day,0.0002254773969618789
char__ü,0.00022518567421103594
char_â_ù,0.00022504461958254438
char_who ,0.0002249257320671735
char_ny ,0.0002248490753895263
char_ren,0.00022470366801526797
char_wal,0.00022466450065195098
char_til,0.0002244608057195671
char_lon,0.00022425478969929748
char_ now,0.0002239657200769396
char_ed.,0.00022383618282530434
no,0.00022324652179930686
char_5 ,0.00022288592062143516
char_ank,0.00022279225777316547
char_see,0.00022275132880127213
char_ait,0.00022259917592383857
char_û_,0.00022205001825804273
char_ù÷__,0.00022179833610631286
char_em ,0.00022113668112126397
char_tic,0.00022088138428448046
char_fin,0.00021998645339436646
char_d.,0.00021963937894202583
char_ded,0.00021961488626282916
char_r.,0.000219509566410447
char_gn,0.0002195029902560907
char_rtis,0.00021918198667840867
char_ bes,0.0002189145248673887
char_ide,0.00021879898665677275
char_ard,0.00021869139327749618
char_mea,0.0002186603131721194
char_ying,0.00021858713060108627
char_lat,0.00021846313526662934
char_ert,0.00021835749534043048
char_ wat,0.0002183264343310624
char_win,0.0002182448609242877
char_vo,0.0002177893319274011
char_then,0.0002177237467007471
char_ily,0.00021765575917560446
char_rou,0.00021760984510280738
char_ture,0.00021699454845920584
char_ang,0.00021685099604202068
char_sm,0.00021666745641772602
char_ tim,0.00021662593323251982
char_ear ,0.00021650446207159348
char_ein,0.0002163899182731798
char_dre,0.00021637737416267588
know,0.00021630678681119745
char_fuc,0.00021600559774021812
char_ let,0.00021599303443947456
char_mer,0.00021593694488140862
char_ pu,0.00021587018058134993
char_ man,0.00021566528171174554
char_ onl,0.0002152665792105552
char_'l,0.00021485959352018916
char_arr,0.00021484330150906692
char_iti,0.0002145128993110717
char_iz,0.00021451025463517035
by,0.00021449746484390343
char_fal,0.00021444597858681503
char_ful,0.00021419540552164042
char_hink,0.0002140246126937884
char_!!,0.0002139944301671968
char_dow,0.0002138103382679291
char_ pre,0.00021288168848555535
char_atio,0.000212762310479089
char_ack ,0.00021266025034590523
char_gon,0.00021260992532069666
char_abl,0.00021260632391888437
char_hea,0.00021242100179526
char_ond,0.00021201013466241587
char_ree,0.00021199185771861477
char_rn ,0.00021191348108838922
char_ead ,0.00021188599062985076
char_e's ,0.0002116807619738526
char_ound,0.00021166281945170925
char_ked,0.00021114449552975484
char_ don,0.00021111427620978463
char_nly ,0.0002110438648545229
char_eat ,0.00021091712822641196
char_ #a,0.00021036178138115184
char_÷â ,0.00021029110090213285
char_ure ,0.00020987714866740236
char_ûª,0.00020984028775029588
char_ kno,0.00020963749744698474
char_4 ,0.00020936290124952666
char__,0.00020888083268688507
char_till,0.00020844035603892342
char_y.,0.00020797048372080896
char_uch,0.0002077517356666908
let,0.0002076283772605436
char_mar,0.00020727121088242936
time,0.00020720743788008652
char_ort,0.0002071211085919931
char_ fol,0.00020710433845721744
char_eye,0.00020675122120513114
char_ si,0.00020671206709702453
char_pen,0.0002066877994013244
char_ un,0.00020655240701466105
char_stu,0.00020653735650398783
char_dl,0.00020609522209103144
char_ yea,0.00020601512967289323
char_'r,0.0002059109993942444
char_vin,0.00020589594613707192
char_ #pu,0.00020584139287770678
char_ell ,0.00020580564179082473
char_zq,0.00020576569314239982
char_mon,0.00020572976194035053
char_ect,0.0002053956470216862
char_eing,0.00020504542985125013
char_fro,0.00020498878069553596
char_pos,0.00020465873057940256
char_eri,0.00020455549507668422
char_spe,0.00020452067553778004
char_ pro,0.00020407882486415607
char_e..,0.00020394939919351132
char_rmor,0.00020393778528775077
every,0.00020387002627224047
char_ys ,0.00020382176423732858
char_ws,0.00020379163205108813
char_eop,0.00020343572731242832
char_er.,0.00020333226415101478
char_ 3,0.00020321345898086936
char_als,0.0002031035481067319
char_tte,0.00020285205728086077
char_away,0.00020256126380324222
char_ @w,0.0002024577729143869
char_from,0.0002024235124658459
char_ial,0.00020234107894453817
char_ @l,0.00020160184104535346
char_ mor,0.00020101926099322585
char_ber ,0.00020094995730927576
char_ays,0.00020092744834843306
char_ hu,0.00020084480067273435
char_ja,0.00020084453106136382
char_ope ,0.00020073456576879707
char_hit ,0.00020062225197464015
char_ood ,0.00020050450585067488
char_ did,0.00020050148880961094
char_read,0.000200396703198339
char_wn,0.0002000770260463515
char_bou,0.00019978267589143496
char_kno,0.00019977989065109075
char_eel,0.00019968348154933982
char_goo,0.00019947705059419652
char_tho,0.00019926673726310327
more,0.00019884385142705606
char_qu,0.00019868880648265513
char_@f,0.00019867497753074388
char_wil,0.0001984964778561361
char_l. ,0.00019838292542194829
char_me. ,0.00019834975117222567
char_fri,0.00019826556139372853
char_ nee,0.00019825362042117306
char_py ,0.00019812962388195197
char_sho,0.0001979881368860411
char_tak,0.00019752042398734032
char_eep,0.00019726774675581232
char_dd,0.00019725650311895628
char_@t,0.0001970229653400789
char_act,0.0001963941204479278
char_ose,0.00019625116103593233
char_rst ,0.0001958879559829607
char_ment,0.0001957946372445798
char_10,0.00019576449655644642
char_ire,0.00019564821906478975
char_yday,0.00019558566141297375
char_ mea,0.0001954834164131215
char_work,0.00019508482296313402
char_self,0.00019485726321931358
char_ork,0.00019443646356174428
char_good,0.00019412291765337177
char_low ,0.00019380777650747954
char_hem,0.00019370219792981067
char_i've,0.00019355302926133373
char_ vi,0.0001932721416493338
char_ cr,0.000193010249014987
char_rni,0.00019270293802694312
char_ an ,0.00019260472174773428
char_own,0.00019235032661167828
char_rai,0.0001920987706274613
and it,0.0001920085085419411
char_÷â_,0.00019193131404624252
char_eli,0.00019155025847669788
there,0.00019151247349680908
char_ cl,0.0001913630586147674
char_own ,0.00019106091873133884
char_ion ,0.00019084050188918823
char_ ex,0.00019068949997225673
char_v ,0.00019068173448047319
char_ien,0.00019045868807442964
char_ning,0.00019019061604096473
char_lle,0.0001901757387089198
char_ise,0.00019015447303563575
char_il ,0.00018988880524546385
char_no ,0.00018968041936710505
char_ dr,0.00018951453652856748
char_tur,0.00018948498592109202
char_len,0.00018947631612423234
char_cam,0.00018933713509275174
char_x ,0.00018893175923225813
char_enc,0.00018872142947119316
char_spec,0.00018868086376333813
char_ @o,0.00018864180769158505
char_rel,0.00018838139509085397
char_ vo,0.0001881586503184655
char_ sea,0.00018812659406166417
char_an't,0.000188071456580442
char_twe,0.00018799005981577003
char_ goo,0.00018773835629922156
char_rit,0.00018741974606312914
char_mb,0.00018718018229275935
char_ lu,0.00018709709834257418
char_mc,0.00018669362233646427
char_roun,0.00018650908757137375
char_elp,0.00018633093554167043
char_nna,0.00018619446629498173
char_ fl,0.00018522062217853235
char_ mom,0.00018496011674005243
char_inte,0.00018490659275043699
char_lit,0.00018446688801169542
char_see ,0.00018446425564666997
char_inc,0.00018439290811950713
char_rm,0.00018427081154959277
char_fac,0.00018415859559653004
char_any,0.00018396093270117464
pushawardslizquens,0.0001837105482041124
from,0.00018286861215025406
falive,0.00018283683487371424
char_ hal,0.00018281512168273557
char_ough,0.00018266056313524939
char_ min,0.0001826451762887102
char_ous,0.00018262413143506386
char_awa,0.00018256187324050468
char_red ,0.00018248285851737634
char_@k,0.00018234823949767268
char_ta ,0.00018216546519208364
char_isto,0.00018205969506247826
char_÷__ù,0.00018192380546570478
char_oda,0.00018166547915279523
the best,0.00018099473453494412
char_verm,0.00018085499211804265
char_oot,0.0001808395769227592
char_ring,0.00018083294169683644
char_ari,0.00018073584660959174
char_ya,0.0001806793397047296
char_sch,0.00018058628195589575
artistoftheyear,0.00018054183476510932
char_via,0.00018019230707843833
_ù â_ù,0.0001798041534637595
char_@h,0.00017979710399075423
char_bri,0.0001797167925052986
char_6 ,0.0001796420102238079
char_gue,0.0001794291757518611
char_ked ,0.0001791398855403992
char_ars ,0.00017902472179931613
lol,0.00017889366726292353
char_amp,0.0001787924972398125
char_ank ,0.00017867130813661655
char_bee,0.00017866923710359886
char_ cu,0.0001783014174556104
char_ayin,0.0001781658136298176
char_ece,0.00017811256268341036
char_edi,0.00017801890672290162
char_ mu,0.00017795227782412898
char_ndi,0.00017783765381101596
char_cke,0.0001777456746161185
char_ppy,0.00017772071236345826
char_ful ,0.00017771392220268756
char_cial,0.00017765461788406424
char_20,0.00017757770301890248
char_old,0.00017753702132866338
about,0.0001775001463299298
char_tre,0.0001773549280844043
char_need,0.0001772447165143612
char_ des,0.00017712257125944986
char_show,0.00017701982127390353
char_too,0.00017696061023275353
char_abou,0.00017681126703121108
char_red,0.00017670657154497506
char_ass,0.00017670144836739839
"char_n, ",0.00017663909995336725
char_ko,0.0001762555498157444
char_cki,0.0001760817373166989
char_tf,0.00017594205827971336
like,0.00017565321165684874
char_0 ,0.00017544598096272675
char_ lif,0.00017530715222665105
char_ays ,0.0001751485916210211
char_anna,0.00017507651911330624
char_hr,0.00017498896846694943
char_ @r,0.0001749657314811191
char_ x,0.00017493853127645688
char_ors,0.0001748985145413898
char_sel,0.000174885833687111
char_ues,0.00017487032558043266
char_pin,0.00017475548711964794
char_oh,0.00017403366701326884
char_ckin,0.00017399649795387816
char_ qu,0.00017388890101803598
char_been,0.00017379028709513125
new,0.00017377101000884496
char_essi,0.00017353318698353471
too,0.00017346954804824108
char_mot,0.00017344010304445453
char_sit,0.00017334509807618282
your favorite,0.0001733226329344771
world,0.00017325239044968386
are the,0.00017311835724083326
char_ings,0.0001731086311247635
been,0.00017289128062457728
char_lol,0.0001728651916665917
char_hit,0.00017275466215248996
char_sw,0.00017240743515119453
char_am ,0.0001724001999250853
char_ am,0.00017219551871352934
char_yt,0.00017209326023782164
char_je,0.00017196091205635248
char_most,0.0001719346817865819
char_ved,0.00017189171499861186
char_ ri,0.0001718447274203535
char_ita,0.00017167962181348953
char_eir,0.0001716634285525722
what,0.00017162831726265132
yo,0.00017148953025424493
char_rb,0.00017143774118558698
char_bar,0.00017128034721528278
some,0.00017115993282890496
char_hy,0.00017110946833649796
char_ned,0.00017079199922934892
char_ale,0.0001707552083048331
char_sing,0.00017071609906166025
char_ù,0.00017034901634317785
char_ble ,0.00017023548796935164
char_ho ,0.0001698556647273256
char_les ,0.00016962655679997029
char_xc,0.00016948490188709134
char_use ,0.00016931741898652944
char_ven,0.0001693155158248212
char_y. ,0.00016921703951516907
char_eed ,0.00016914577697792074
char_t!,0.00016902474568682293
char_ off,0.00016901175843245226
char_ng. ,0.00016896046892513487
char_ @s,0.0001689003819203832
char_lm,0.0001688871699367206
char_ its,0.00016877362454563783
ûªt,0.00016857940510809242
char_ sti,0.00016847289669484717
char_ che,0.00016841469171878162
char_mak,0.00016839271661963352
char_on',0.00016825997715308154
char_ught,0.0001679607742892878
char_ ki,0.00016792120645852654
char_ q,0.00016775072754264525
char_ros,0.00016768253914860914
want,0.0001675550872848095
char_'re,0.00016741673745325204
char_way ,0.00016729011425161024
char_lee,0.00016707465514916698
char_ sto,0.00016702716903762248
char_ah ,0.0001668305777982279
char_nto,0.00016680338407641052
char_oes,0.0001666914105659492
char_sen,0.00016665267634818817
char_ par,0.00016644016843515752
do,0.00016626661625527935
char_art ,0.00016619824411676662
char_eu,0.000165916185058623
char_hal,0.0001655602111894871
char_ou',0.00016552782422481506
char_sh ,0.00016545869921797532
char_e!,0.00016545577684239795
char_ fee,0.00016534297408381097
char_big,0.00016523825819215202
char_ori,0.0001651095015966133
char_lea,0.0001650739736733891
char_imp,0.00016496841134784997
char_cou,0.00016492977277800854
char_wou,0.00016490777379671493
char_ula,0.00016470686178307817
char_â_ù÷,0.00016453872763711407
char_ence,0.00016450156701288164
char_rri,0.00016443944385414566
char_#b,0.000164253700606447
char_bra,0.00016423300891049196
why,0.00016382619069841921
char_allo,0.00016377614045579345
char_ity,0.00016371806461947883
char_era,0.00016367927731257654
char_ .,0.00016365888976054347
char_ora,0.00016360481886905527
char_ling,0.0001634512097372795
char_live,0.00016343331626038278
char_ int,0.00016332891577332077
char_rec,0.0001632085793959729
char_din,0.00016319717163172645
char_well,0.00016317047547107996
char_'ve,0.00016304213804631582
char_okin,0.00016299716880954586
char_hoo,0.00016297460954032186
char_ace ,0.0001624190228771861
char_rac,0.0001623518143216816
char_ str,0.00016232741821310903
char_nee,0.00016196777424494068
char_life,0.0001619080602377966
char_lif,0.00016184759542150435
char_ian,0.00016181533502687137
char_dv,0.00016171193151765832
char_nder,0.00016139692909442283
char_ ac,0.00016114196896988405
"char_n,",0.00016102275454218763
char_ mad,0.0001608698627943974
char_ual,0.00016083852834783367
char_ity ,0.00016083778282276155
char_happ,0.00016081546916934207
ever,0.000160714794785529
other,0.0001605747828751356
char_ace,0.0001604963453959982
char_had,0.0001602925774164159
char_ret,0.00016025443388647693
char_thei,0.00016006403787691034
char_ryda,0.00015978909994626095
char_e's,0.00015977156751901137
char_#f,0.0001595380440479466
char_/j,0.00015931340317408346
char_ lol,0.0001591484652846773
char_xt,0.00015914004258738777
char_esp,0.00015910588310273814
char_ute,0.00015906246908603834
char_new ,0.00015893426267976632
char_hic,0.00015889850786030363
char_ins,0.00015838333982637703
char_ice,0.00015822457012355594
char_ #s,0.00015812737356380634
char_atc,0.00015775992088775477
char_hum,0.00015749022223144146
char_met,0.00015745951002967172
char_lol ,0.0001572914785074735
char_ease,0.00015725866512551417
char_you',0.00015718888601556346
char_'v,0.00015708162472185088
char_keep,0.00015696666800041432
char_ sam,0.00015677000507800958
char_pt,0.00015647032574602228
char_o/h,0.0001563789552389535
char_o.,0.00015627634839505635
char_ fan,0.00015627474642788042
char_eni,0.00015623408066002244
char_hawa,0.0001561454187789994
char_ibl,0.0001561053862357842
char_u'r,0.00015608755336031648
char_ain ,0.00015607485812742285
char_ern,0.00015607417635734563
char_û_ ,0.00015606581171300754
onedirection,0.00015602180783144519
char_dri,0.0001560028569291024
char_ont,0.0001560026409366019
char_'ve ,0.00015597898104548465
char_ole,0.0001559148961080981
"char_"" ",0.000155727753664988
char_nna ,0.00015570192051013378
char_ster,0.00015549743253154874
char_ul ,0.000155353013357551
char_ im,0.00015505109529068795
char_llin,0.0001549159572025211
amp,0.00015482642450973997
char_iss,0.00015480313632318689
char_ord,0.00015475559922649396
girl,0.0001545690308836144
char_ied ,0.000154505634004509
char_lis,0.00015447712635007776
char_ goi,0.00015429222881417837
char_gh ,0.0001540757881980837
char_appy,0.00015402161870157132
char_rp,0.00015395418826633791
char_him,0.0001536662311077697
char_ost ,0.00015366013408411083
char_rep,0.00015347708960624298
char_/v,0.0001534470346345531
char_room,0.00015342489701775759
char_g.,0.00015337218249829014
char_e',0.0001531968177889879
char_ win,0.0001531097294641892
char_@i,0.00015279514865338843
char_inn,0.00015272633851186847
char_gra,0.00015271104276376902
man,0.00015259584725602784
char_nts ,0.00015219924453023864
char_rap,0.00015198090725524296
char_ u ,0.000151831907177623
char_ery ,0.00015179031488928355
char_bac,0.00015175751158306414
char_fee,0.0001517253221453039
char_zi,0.00015168136337351552
char_ctu,0.00015141343370699494
char_list,0.00015132208236405846
char_ op,0.00015127245532921933
char_o/n,0.00015116950732827985
char_sn,0.00015098773618668848
char_rat,0.000150940879490264
char_week,0.00015058838608119542
char_ by,0.00015040624556903086
char_eam ,0.00015023178318607298
char_ du,0.00015016287636969452
char_mus,0.00015006933009569033
char_ards,0.00014999397931745836
char_die,0.00014986511603609442
char_akes,0.00014985546563366198
char_ dow,0.00014966963595022229
char_ong ,0.00014966795180543043
char_irec,0.00014921242872886913
char_ hea,0.00014918941662742972
char_than,0.00014917072349530537
them,0.00014908775243637707
char_wed ,0.00014900764244065118
char_ess ,0.00014894833998866392
char_ek,0.00014882736596433713
"char_o,",0.00014880808256810036
char_nb,0.00014863801905853742
char_liv,0.00014850448778541532
char_ffe,0.00014821601963088685
char_pho,0.00014800887504217374
char_elf,0.00014798335432791328
char_bit,0.00014796045812078964
char_ or ,0.00014771435194963723
char_ #f,0.0001476057085657968
char_usic,0.0001475268272463463
char_stan,0.0001472564730250989
back,0.0001471685197037341
char_on't,0.00014713096349064505
char_aid ,0.00014707181369855583
char_cc,0.0001469814860195083
char_hes,0.00014697302847086735
char_hall,0.00014697130913366894
char_aso,0.00014657769420291645
char_nm,0.00014636440315397948
char_it.,0.00014634729991499457
want to,0.0001462205300606548
for your,0.00014595770472375876
char_war,0.0001459291246603113
char_kr,0.0001459195650163441
char_rien,0.00014590549304612893
char_y_,0.0001458210378230114
char_hro,0.00014581464236229841
char_ gra,0.0001457713543817982
home,0.00014541533570822394
char_uth,0.000145189834220586
char_ves,0.00014506337159267074
char_pas,0.00014503043658298327
char_fter,0.0001447042554905914
char_ act,0.00014468104315695259
char_ron,0.0001444221421467416
char_ loo,0.00014436440422115114
best,0.0001442664135914445
char_aa,0.0001441927593747088
has,0.0001441909009974111
char_tri,0.00014404444686659122
char_ia ,0.00014392659945368824
char_help,0.00014391648928633002
char_aga,0.00014387637535628797
char_nit,0.00014380302083140753
char_oo ,0.00014373145150714016
char_ sw,0.00014333820885719658
char_ mov,0.00014330582166788446
char_iend,0.00014314461095826412
char_ #b,0.0001431444391178015
char_s!,0.00014311589809163597
char_star,0.00014310867492371102
well,0.00014305168585860884
char_ken,0.00014292346063066308
artistoftheyear go,0.00014291103631035643
char_vie,0.00014269383125429575
think,0.00014265801713342208
char_÷__,0.0001424574221886188
char_rds,0.00014241921438916632
char_ &,0.00014214226723768724
char_col,0.00014200494842702793
char_bb,0.00014199207414022493
char_ty ,0.00014189920396516823
char_i'l,0.00014186947458974726
char_ttle,0.0001417997586081442
char_eopl,0.00014175139529767078
his,0.00014169023930799525
char_@g,0.00014131704892659386
char_ ea,0.00014115470239736314
char_ tel,0.00014106868514936018
char_twee,0.00014094789107340025
char_7 ,0.00014094218413269257
char_û_ ,0.0001408676070197428
to win,0.00014072980859251204
play,0.00014064766439187762
û_,0.00014043187191818414
char_rig,0.0001400578108704476
char___ù÷,0.00013985496177023883
char_l.,0.0001397696748891311
keep,0.00013943056791083193
char_ose ,0.00013932608767691236
char_ lea,0.00013932283911662004
char_ott,0.0001392485899125736
char_nti,0.00013879115436396747
char_alwa,0.00013870922729656998
char_reat,0.0001386957112441309
char_ff ,0.00013867602163729182
char_/e,0.00013861391895297542
char_at',0.00013858100361473387
char_tar,0.0001385772001414481
char_ie ,0.00013854643603266646
char_ft,0.00013836037662114868
char_ed. ,0.00013814063267997585
char_nal,0.0001379794347862932
follow,0.00013791426193416378
char_ric,0.0001378578219260776
char_last,0.00013784350964044875
char_fav,0.00013782507067411394
char_illi,0.0001377771592137653
char_@s,0.00013747298220414
char_too ,0.0001374637615757849
char_nts,0.0001373886033574733
char_urn,0.00013731142764140418
char_ovi,0.0001371752914498759
char_wing,0.00013716509686190933
char_less,0.00013715864226521816
char_shaw,0.0001371136992000418
happy,0.00013707666960780432
char_tua,0.0001369971844930872
char_ü ,0.0001369910350414825
char_rse,0.00013697576326707637
char_sea,0.00013686005310425874
char_sse,0.00013665672655992328
char_ has,0.0001365326054242664
char_frie,0.00013647450025283659
_ù _ù,0.00013637190986379977
char_did,0.00013633733496383558
char_igg,0.0001363367297629881
char_e...,0.00013621182909683469
char_#d,0.0001360437539166474
char_yp,0.00013603041093442932
char_ade,0.0001359264061918469
char_dsl,0.00013589083277984156
char_nic,0.0001357478347625911
good,0.00013570910526199912
char_ng.,0.00013561902958317805
char_lowe,0.0001355463240298862
char_led,0.00013547843021148356
char_ook ,0.00013542619641860457
char_ma ,0.00013541929104353637
char_&am,0.00013522181812801283
char_ary ,0.00013516005582299884
char_oki,0.00013499403612580028
char_down,0.00013497262989470513
char_itch,0.00013477149244605437
char_ner,0.00013459714242534542
char_ #d,0.00013459468728999844
char_sd,0.00013449698683720896
char_ets ,0.00013447583097835755
char_ lon,0.00013443617492140086
char_ chi,0.00013429091674903304
char_15,0.0001342145203798048
char_ath,0.00013416474549679246
char_tis,0.00013413495461304383
char_give,0.0001339870694220123
char_ wee,0.00013390770520328537
char_ bri,0.00013390456050205906
char_ail,0.0001337761590933806
char_ our,0.00013356825044336386
char_hy ,0.00013352724242634683
char_rob,0.00013329859735883932
char_kes,0.00013327746183501067
char_os ,0.00013306840521460638
char_ryin,0.00013298417590593584
char_hill,0.00013293373407897025
char_ dea,0.00013289763878630896
char_wai,0.0001327273919931387
char_rom ,0.0001325253551850587
char_nge,0.00013250717379354395
char_tle,0.0001324641236104381
char_ gon,0.0001324399882954213
char_ntr,0.0001323395011297737
char_ ple,0.00013233838986104204
char_kee,0.00013231156761236838
char_rf,0.0001322546290012088
char_stil,0.00013223767657464432
char_cau,0.00013214743029298922
char_tal,0.00013182004489350243
char_elf ,0.0001317413896687812
char_ffi,0.0001315592424261988
char_air,0.00013147679889235095
char_ici,0.00013147030335169458
char_end ,0.00013136747720016674
char_oug,0.00013133233761494954
my life,0.00013121587553461248
char_lf ,0.00013115963944430767
going,0.000131155945274793
char_ym,0.0001310421560900707
char_org,0.00013100526085791978
char_ app,0.00013099309775244637
char_ory,0.00013065218398368173
char_ aft,0.00013054262771453284
char__ù_,0.0001304785810417061
char_wat,0.000130400208980734
char_ittl,0.00013035382016055467
char_@p,0.00013034537670932048
char_why,0.00013032931459916775
char_ves ,0.0001302587751120224
char_giv,0.0001302548584689358
char_ones,0.00013024645028734925
char_arn,0.00013023703485639176
char_look,0.00013012544587254112
char_roc,0.0001299613774263226
char_onl,0.00012989955833330832
char_ oth,0.00012970239807649938
char_ ins,0.00012965412911413287
im,0.00012965217417009462
char_ical,0.00012956245430926965
char_ens,0.00012955862311811756
char_sy,0.00012940141533229966
char_û_,0.0001293784198036117
char_worl,0.00012934009508567328
char_des,0.00012924129172265834
char_wn ,0.00012900501010107245
char_#p,0.00012899715390902262
char_even,0.00012892615768131862
char_rld,0.00012892021307321126
last,0.00012888724515118486
char_der ,0.00012884641041336785
char_aus,0.00012881300014487074
char_sb,0.00012864168019468324
char_urs,0.00012861504552893436
forevermore,0.00012860790389193207
char_ats,0.00012854893887982293
char_dan,0.0001283924292039604
char_ 2 ,0.00012835424135849204
char_hem ,0.00012830472712755344
char_ car,0.00012817338590067473
char_rv,0.0001281306702640204
char_mil,0.00012812998045708566
char_made,0.0001281050067102535
char_ugh ,0.0001280158165718598
char_ffic,0.0001277898673422302
char_ am ,0.00012774781405932754
char_ sch,0.00012771381131681712
char_ whi,0.000127695408888605
char_onn,0.00012769290348725818
char_ife,0.00012758935014919916
char_ @h,0.00012758432235691254
char_rge,0.00012756853657559057
char_nv,0.0001274428050511499
char_rk ,0.00012742423027013153
and the,0.00012740989379157503
char_orr,0.0001273743670726897
char_ tru,0.0001273647825591545
char_hol,0.00012723196966237142
char_watc,0.0001271937122578365
char_@ha,0.00012697449959552223
char_ach,0.00012681201301268104
char_....,0.0001268019089728945
char_#s,0.00012671816965509745
char_ilov,0.00012669265126136507
char_ tw,0.00012665473418880396
char_chin,0.00012659167459975893
char_can',0.0001264485335477753
char_run,0.00012639985067092237
char_ely,0.00012639549307190615
char_ance,0.0001263728397298398
hair,0.00012625459811909127
char_erf,0.00012614804240703215
char_ fri,0.00012608919785744296
char_ sm,0.00012597152835864333
char_wer,0.00012581916436112302
char_nat,0.00012570135681479964
char_k.,0.00012568115728019851
char_az,0.00012565655799452624
char_ ag,0.00012559117823162375
char_sco,0.0001255821864009814
char_lk,0.00012551759397051642
char_wait,0.00012550336682982377
the day,0.00012548907842850702
char_ tal,0.0001254825364585617
char_bc,0.00012534410930242217
char_pan,0.0001252799946702803
char_ liv,0.00012524251453149244
char_ bei,0.0001250467506254303
char_ bro,0.00012483498428420272
thing,0.0001247459221802604
char_irst,0.00012469811228390585
char_ tod,0.00012468580283553728
char_man ,0.00012464803731611834
char_que,0.00012460987259887383
char_reve,0.0001245473347377621
char_tle ,0.00012452122449253561
char_eady,0.0001245173242052303
char_vic,0.00012449811642989243
char_ #t,0.00012441626862038106
char_eme,0.00012440837575711835
char_ard ,0.00012433127862125247
char_ bee,0.00012431130222321433
char_fe ,0.00012430313442448847
char_ness,0.00012429432712607934
char_rson,0.000124238974115387
char_aid,0.00012421412892991396
char_hn,0.00012389593318362294
char_eh,0.00012365796542348386
char_shou,0.00012361480027330257
char_hop,0.0001235696782726019
right,0.00012347280139295375
char_bab,0.00012337898411963712
char_eall,0.0001232335973137119
char_gain,0.00012311542975389705
char_rd ,0.00012302349841856544
you for,0.00012294012621001692
char_uni,0.00012284479046765562
char_ #g,0.00012284069554118407
char_got ,0.0001228313491480355
char_walk,0.00012277231903599258
our,0.00012275477535757468
char_port,0.00012263343546523476
char_roug,0.00012253324301432457
char_etw,0.0001224921665669312
char_ving,0.00012229521708757767
char_los,0.00012210120947260165
û_ https,0.0001220803110969305
char_ mis,0.00012192561103789922
char_lem,0.00012188194215680813
char_woul,0.0001218748449789139
char_ier,0.00012182161062774166
char_ way,0.00012159949396087401
char_oney,0.0001213040573681852
char_harr,0.00012126816323183704
char_ler,0.0001208897681413698
char_eyo,0.00012078812751975788
char_ine ,0.00012076390415455207
char_ spe,0.00012063676967228423
char_let ,0.00012059372628147691
char_ate ,0.00012053035345401788
char_tan,0.00012050569008959952
char_mind,0.00012036804706989873
char_eak,0.0001203144090145505
char_ rep,0.00012030540783562936
char_ct ,0.00012026982333603808
char_mes ,0.00012019207134228954
char_ af,0.0001200054124896027
char_ yes,0.00011991387366193747
char_fic,0.00011988086733202483
char_mos,0.00011986002489598039
live,0.00011982820412852487
char_ile ,0.00011975868592862565
char_ons ,0.00011974496255035776
char_adi,0.0001197400149593863
char_sam,0.00011962836344516795
char_ gre,0.00011960835817953394
char_ez,0.00011946327305123816
still,0.00011928091439499307
char_tro,0.00011921177109753257
char_try,0.00011910465287001938
char_ton ,0.00011907627038076354
char_ou'r,0.0001190563222931142
char_atch,0.00011902826887575036
char_o/p,0.00011901887341112877
char_u',0.00011894708381475604
char_ree ,0.00011893511338440847
"char_d, ",0.00011890252008795948
char_meon,0.00011880416131790108
char_uk,0.00011878515724535248
char_roo,0.00011871670755497412
char_eci,0.0001186033518096008
char_afte,0.00011854824977805432
yet,0.00011823361834336034
char_dn,0.0001179298502484613
char_say ,0.00011781889150314265
char_ink ,0.00011780886952783281
women,0.00011773556712793646
youtube,0.00011753395834037398
char_ause,0.00011735341706365824
char_ ov,0.00011720578945924617
char_ist ,0.00011716540331585995
literally,0.00011713151313280646
char_hec,0.0001170989627311889
char_hang,0.00011684968427671462
niggas,0.00011681327709864531
char_lway,0.00011681290500683021
char_rst,0.00011676154969783248
char_wes,0.00011643852987279495
char_ pos,0.0001163420188953199
char_nks,0.00011628132793647394
char_gt,0.0001162621400166463
char_ult,0.00011624147138298503
into,0.00011615149233798906
char_z ,0.00011608846401631447
where,0.00011601727705755645
char_fir,0.0001159915333247834
char_#pus,0.0001158651156046456
char_ney,0.00011569186488323296
char_unt,0.0001154057404652196
char_ any,0.00011533523096531765
char_tiv,0.00011522140770893274
char_tyl,0.00011520092958084034
char_ 4,0.00011517823211508589
char_ ve,0.00011505251257797859
char_ sen,0.00011473295831183607
char_gy,0.000114684297750445
char_o/v,0.00011466965389438288
char_owi,0.00011466497836757149
char_arm,0.0001146437314430652
char_hed ,0.00011460319757011129
char_nds,0.00011455486394820051
char_tru,0.00011439640955406066
char_only,0.0001143896391090951
char_ater,0.00011435827757906022
team,0.00011432288304499418
char_o/t,0.0001142764927803857
char_ ot,0.00011425095951936887
char_ene,0.00011420998134712703
char_ark,0.00011405633894831551
at the,0.0001140434317162246
char_ix,0.00011401935225700794
char_over,0.00011401612028903336
char_tell,0.00011391870911483406
char_ ama,0.00011388001412463701
char_ote ,0.0001137845072207041
char_ new,0.00011372473940624744
char_ &a,0.00011362156309757108
char_dis,0.00011356460215049258
life,0.00011350474363700826
char_ bet,0.00011343123755842362
char_ten ,0.00011333523329323065
char_ode,0.00011299306329960368
char_tory,0.00011294767334959981
char_me.,0.00011291938830222503
char_back,0.00011290924141837788
char_eir ,0.00011287006159916917
char_noth,0.00011282348636461338
char_lw,0.0001125879875359305
char_ùô,0.00011248361276402301
char_lic,0.00011237731344395844
char_ fro,0.00011233800490130086
char_ir ,0.00011225044768077253
char_sk ,0.00011199594257621706
char_ded ,0.00011198236524061236
char_ecti,0.00011195310704408004
char_itc,0.00011195005343650386
char_mas,0.00011194821672979618
char_ucki,0.00011191279505928865
char_vis,0.00011174919423117852
char_ndo,0.00011166570767343179
char_ use,0.00011165025335929488
char_ na,0.00011162667244685318
char_rid,0.00011159463322935451
char_yda,0.00011138415558584608
char_ict,0.00011124159368622959
char_pec,0.0001110796250216676
char_ stu,0.0001110471335762724
char_stor,0.00011087573478915525
char_bea,0.00011086150751853696
really,0.00011084885575853304
char_nter,0.00011074628228148717
who,0.00011055733448305976
char_eek,0.00011053209235615788
char_ouse,0.00011023599878349062
char_olo,0.00011014713987248133
char_toda,0.0001100229107124771
char_/n,0.00010986301617930256
char_unc,0.00010986105215844706
char_nto ,0.000109773835024821
char_chan,0.00010976995908226569
char_rad,0.00010975441346305781
char__ùô,0.00010948013452024338
char_ryi,0.00010932632039703378
char_ish,0.00010929892157690735
way,0.00010922641763248709
char_za,0.00010917620197381316
char_@o,0.00010915096027104345
us,0.00010910158470434481
char_ween,0.00010900369646606668
char_ sin,0.0001088924583488216
char_ tu,0.00010883666211756517
char_oto,0.00010881369180713665
char_into,0.00010875398029188623
thank you,0.0001086387216109584
char_tes ,0.00010851640853777012
is the,0.00010848648640082114
char_uck ,0.00010846745008197632
char_ppi,0.00010841420848087977
of my,0.00010833874262494944
char_ool,0.00010822600882416006
char_rw,0.00010807652528274144
automatically,0.0001079198893804408
char_ae,0.0001079095324973951
char_ ph,0.0001078616339368684
char_mr,0.00010778083565892891
char_orm,0.00010774053339401346
char_plea,0.00010764800524613833
char_tly,0.00010762443443872401
yes,0.00010757156649095434
char_ say,0.00010751739173781262
char_gin,0.00010746588691449751
char_mn,0.00010744844248958437
char_nne,0.00010743806834050677
char_lig,0.00010741184263857397
first,0.00010734019303799938
char_ aw,0.00010728562863436832
char_omi,0.00010724989992329694
char_oti,0.00010724852894758497
makes,0.00010722922778349182
char_den,0.000107168064756929
char_riv,0.00010715316166419906
char_ fir,0.0001070850517673012
char_/q,0.00010706930772069069
char_ shi,0.00010700383719376294
char_ gro,0.0001069527943000481
char_ col,0.00010690361760780618
char_spi,0.00010688312300209023
char_goi,0.0001066733881352879
char_alw,0.00010660395125416708
char_yn,0.00010658049660679137
shit,0.00010648749811927455
char_nr,0.00010648217808218196
char_tay,0.00010645763811997087
char_ext,0.00010623052312567126
char_tea,0.00010622568204551067
char_ fre,0.00010621996273062381
see,0.00010621405406345788
char_ious,0.00010619504834507569
char_ssed,0.0001061657859083676
come,0.000106154367242371
char_tch ,0.00010615382298205212
char_emb,0.00010613677261727809
char_sty,0.00010612506858047999
char_ctio,0.00010609321623259128
char_tb,0.00010589682638623633
char_ sai,0.00010577483739325396
char_vor,0.00010543531150980936
char_cs,0.00010522872288372731
char_put,0.00010516782494777722
followed,0.00010515091737313397
char_ kee,0.00010501577029092855
char_cer,0.00010483726985578453
char_hate,0.00010480349728544346
char_ em,0.00010478432912231025
char_ser,0.00010471343194707156
char_year,0.00010467716184249396
char_avin,0.00010461812687816357
char_ide ,0.00010451850838222577
char_lot,0.00010444431386316391
char_ uni,0.00010443098213865331
char_zz,0.00010436634800304931
char_off,0.00010435422777184557
char_ no ,0.00010430698957850918
char_rl ,0.00010422145274503363
char_ions,0.00010413013964006176
char_zo,0.0001040777170340421
char_ous ,0.00010404196227305974
char_e?,0.00010384066856608552
char_gen,0.00010378836104747725
char_lc,0.00010372097608291917
char_yth,0.0001035965274016308
char_goin,0.00010354655649403239
char_ art,0.00010352309177384488
char_erso,0.00010347528969571554
ll,0.00010340386068690659
char_iste,0.00010339681131913518
char_aft,0.00010329246803551106
char_ thr,0.0001032748473787121
char_rld ,0.00010323686911223
last pushawardslizquens,0.00010323449522550596
char_ con,0.00010306999793295891
char_rry,0.00010305761849698616
char_ ke,0.00010294400380761625
char_co/d,0.0001028875358992752
char_inal,0.0001027702477708562
char_ 5,0.00010273137878344399
char_ tho,0.00010271545027473756
char_e_,0.0001026987694244539
char_bs ,0.00010269124559341417
char_ttl,0.0001026833535343561
char_thr,0.00010267262998105735
char_atur,0.00010262812555870365
char__ù,0.0001025705666357488
char_yes,0.00010245424065943599
char_fte,0.00010243515725150024
char_ tak,0.00010236008601010392
mom,0.00010235803857606736
char_gro,0.00010212561175935234
char_sf,0.00010206589532580097
char_'ll,0.00010206060698009968
char_ours,0.00010165238482016271
char_mov,0.00010162979114993776
char_yle,0.00010157906464965997
char_mom,0.00010150187153471541
char_lie,0.00010143032243638928
char_tie,0.00010142527950613265
char_np,0.00010141732078264014
char_talk,0.00010140632628467167
_ùª,0.00010136160992623874
char_o/g,0.00010130211495860673
char_firs,0.00010129292226947275
char_bec,0.00010127206634701485
char_ ja,0.00010123801392930551
char_thou,0.00010112115804718066
char_turn,0.00010106781921621402
char_uy,0.00010092993216387262
char_ible,0.00010088188588833173
char_uti,0.00010058136455426501
char_cho,0.00010053955313628945
char_yon,0.00010049509961956079
char_cat,0.00010042127012472705
char_gai,0.00010024777562620094
char_p; ,0.00010018397186218907
char_ms,0.0001001700953714997
char_eon,0.00010012373943338166
char_boy,0.00010006886686541806
make,0.00010001129579120495
char_ eat,9.999201890088578e-05
char_tod,9.996112703021267e-05
char_ his,9.990942272754497e-05
char_arl,9.98431351863879e-05
char_why ,9.977907918008497e-05
always,9.976779171571094e-05
char_oni,9.975808009402659e-05
char_tm,9.973824348023328e-05
him,9.953927784292934e-05
char_sn't,9.942010984538842e-05
could,9.939203006575872e-05
char_/f,9.938251434034724e-05
char_rso,9.934566058044803e-05
char_ @ha,9.929698979580283e-05
like the,9.920206207656138e-05
char_o/c,9.909428272998164e-05
char_orit,9.904990311389945e-05
char_comp,9.901215643401028e-05
char_dea,9.897980506264654e-05
char_mal,9.885251062900988e-05
char_ id,9.877830538770812e-05
char_uf,9.870680854515997e-05
char_yb,9.86642997188255e-05
char_ muc,9.862685206811592e-05
char_icke,9.855520730762921e-05
char_bel,9.851027569439582e-05
char_coo,9.850254697302319e-05
char_mber,9.847228014450369e-05
char_rth,9.845754358833049e-05
char_s?,9.836804824222386e-05
char_yr,9.828239615876727e-05
char_ ..,9.827395917416604e-05
char_e! ,9.811192934078754e-05
char_gle,9.803944094988635e-05
char_sha,9.76641805876046e-05
char_top ,9.75587865619857e-05
had,9.735308790441263e-05
char_ guy,9.720250087661416e-05
char_ates,9.702692886112716e-05
char_ady ,9.700394481674141e-05
down,9.688469175687906e-05
char_take,9.687188613834392e-05
try,9.685672326533655e-05
char_muc,9.684405973557481e-05
char_ull,9.663459269273903e-05
char_vot,9.653464465021188e-05
char_ude,9.649785305149941e-05
if you,9.644205696585952e-05
char_off ,9.643668972961103e-05
char_/s,9.641082256202203e-05
char_hone,9.636662727093642e-05
char_avor,9.631574604662045e-05
char_g. ,9.630164238073384e-05
char_mis,9.622350424071933e-05
char_ral,9.621049793284318e-05
char_rite,9.620643418428846e-05
char_ask,9.612977654799498e-05
char_days,9.612498910657295e-05
char_cks,9.58846412306773e-05
char_ans ,9.572356100419565e-05
char_orl,9.570281215730412e-05
char_ock,9.561858921975806e-05
char_ress,9.554441196368824e-05
look,9.551582700437643e-05
char_o/z,9.546582741386374e-05
char_ i'l,9.540160325372097e-05
char_sur,9.536342549991814e-05
talking,9.535916873371188e-05
char_mit,9.52984026591962e-05
char_ass ,9.525028489719084e-05
char_guy,9.514180272912317e-05
go here,9.512604571311607e-05
char_ina,9.510161932101716e-05
char_unde,9.509941620875461e-05
char_nni,9.509409622278416e-05
char_orn,9.505676932205182e-05
char_aki,9.502840428322082e-05
great,9.498060581426411e-05
char_ res,9.484915355539088e-05
char_ram,9.481820600542501e-05
char_bein,9.471743262248195e-05
char_lwa,9.470843429854784e-05
char_wea,9.46864680088531e-05
char_vers,9.466817083753186e-05
thank,9.460600703417331e-05
char_lou,9.458872542727306e-05
char_ . ,9.45880812457241e-05
char_eth,9.449427791949913e-05
char_ mat,9.438517535318511e-05
char_houg,9.43761542582072e-05
being,9.433465305434546e-05
char_sic,9.429794026564213e-05
char_hool,9.421479062714804e-05
char_bot,9.415307139030868e-05
char_dir,9.410458039868361e-05
char_ick ,9.406865895958734e-05
char_ù_,9.404219061946996e-05
char_ing.,9.391855332165127e-05
char_ding,9.391513118769611e-05
char_ fin,9.38678372369679e-05
char_nev,9.386586503240094e-05
char_rio,9.386190049943415e-05
char_part,9.37629446380928e-05
char_aste,9.374589265202741e-05
char_hon,9.372812554311583e-05
char_@th,9.372382834930295e-05
char_bet,9.372228685481575e-05
char_hese,9.33004737981925e-05
and you,9.327966854671027e-05
char_rte,9.316189421817435e-05
we have,9.311836547223139e-05
char_p;,9.304692879115167e-05
char_sma,9.29881644704491e-05
char_pac,9.297181769375334e-05
char_stin,9.277883883713091e-05
char_ppe,9.258556912370421e-05
char_xp,9.25752612947333e-05
char_much,9.256266262386334e-05
char_ bac,9.255083724117546e-05
char_net,9.243822802746954e-05
char_co/y,9.221323190715168e-05
char_top,9.220805918776764e-05
char_tv,9.198967422817531e-05
char_rag,9.186606089486584e-05
char_ars,9.167758716160946e-05
char_won,9.166342681705871e-05
char_ big,9.148347112747806e-05
made,9.130653862547484e-05
char_cto,9.121095639860439e-05
char_lac,9.10990332916615e-05
year,9.098548139067072e-05
char_able,9.070237357506136e-05
char_ial ,9.06087837286632e-05
amas onedirection,9.046652397759457e-05
char_rry ,9.030667989481333e-05
char_side,9.03062393239597e-05
char_cra,9.029093202628909e-05
char_irs,9.025888199136734e-05
char_ara,9.024501634952041e-05
char_lled,9.014734833446115e-05
char_els,9.007413177710491e-05
char_form,8.994600172867063e-05
char_them,8.994189254942946e-05
char_orld,8.994170015901911e-05
char_late,8.984306084530469e-05
char_rem,8.982641190086001e-05
char_ttin,8.967208415990956e-05
char_ets,8.955014508298705e-05
"char_k,",8.942521139812128e-05
char_ bec,8.928810506022764e-05
char_bla,8.919673860967573e-05
char_wis,8.91532418854649e-05
char_ap ,8.909731903906428e-05
char_ boy,8.900629151019213e-05
char_ideo,8.897887657117724e-05
"char_d,",8.896203615679603e-05
char_dec,8.872610556082613e-05
char_liz,8.85188689057193e-05
char_ bla,8.84857009540618e-05
to get,8.824472574046266e-05
char_ ove,8.82221183099793e-05
char_ung,8.819056190793204e-05
char_gett,8.806458915943035e-05
char_omo,8.803343365673757e-05
char_iou,8.79710092815881e-05
char_ #h,8.768768331771905e-05
char_um ,8.760399907543867e-05
char_ son,8.757420024205322e-05
char_nj,8.75615017806605e-05
char_co/c,8.751500253290395e-05
char_nh,8.743240837621407e-05
char_eco,8.741095330572287e-05
did,8.739354953718047e-05
char_bad,8.718034591415012e-05
char_oes ,8.716815570940643e-05
char_clo,8.715295201141394e-05
char_bro,8.704841576808969e-05
char_bre,8.702993631085071e-05
char_rus,8.697288917530162e-05
char_ami,8.685364361776903e-05
char_ntl,8.675364133820539e-05
char_ool ,8.674827181887728e-05
char_cla,8.674787095320767e-05
char_alt,8.664551176093618e-05
char_hear,8.64737393377911e-05
"char_k, ",8.644500408621492e-05
char_emo,8.633705985861594e-05
char_8 ,8.633153877697541e-05
char_sec,8.631350910777982e-05
char_ngs,8.621200993129551e-05
char_hous,8.620363071509726e-05
char_dra,8.615656646915479e-05
char_mai,8.61009419856804e-05
char_mean,8.601762910421099e-05
char_ich,8.589103304165384e-05
char_ses,8.581412370418823e-05
char_imes,8.577312718320575e-05
char_ via,8.572520447093935e-05
vote,8.560990509803276e-05
char_mp;,8.553683415484351e-05
"char_y,",8.541622004893542e-05
char_ dri,8.537103720596142e-05
char_neve,8.530420388781049e-05
char_litt,8.523342089654089e-05
char_etwe,8.51606212923584e-05
for onedirection,8.515369510001915e-05
char_ley,8.512646301537751e-05
char_he's,8.508084275060272e-05
char_e: ,8.50275005400139e-05
char_dg,8.489508499639205e-05
char_pres,8.48904961750592e-05
char_/m,8.485082336024683e-05
char_o. ,8.47274085694876e-05
char_ork ,8.465721335131188e-05
char_o/y,8.44102298257955e-05
char_#h,8.436771839126419e-05
char_hai,8.435717381868829e-05
char_alle,8.429010758379706e-05
person,8.42676685270034e-05
char_ppy ,8.423465485330984e-05
char_oma,8.421363760261979e-05
you know,8.421238440506603e-05
char_'ll ,8.388277673608712e-05
sit,8.383007795491664e-05
char_ rig,8.378788165109828e-05
char_gree,8.360881374697076e-05
char_utu,8.360248417328833e-05
favorite,8.356901952052795e-05
_ùó,8.351585407277931e-05
char_sli,8.342930875432808e-05
babe,8.337194164635898e-05
char_past,8.335653384758581e-05
char_??,8.332442466682105e-05
char_hat',8.317957551555604e-05
char_cor,8.313618834738021e-05
char_age ,8.298441396992754e-05
again,8.297961271621761e-05
char_aut,8.279305966806311e-05
char_ sha,8.273803878771868e-05
have to,8.260241864492207e-05
char_ sl,8.252844873113268e-05
char_nta,8.234205907729188e-05
char_ven ,8.233539167859578e-05
char_inst,8.23059542333038e-05
char_ish ,8.218901903123597e-05
char_miss,8.214945219098836e-05
char_irt,8.213602360177172e-05
doing,8.198454096653285e-05
feel,8.186085376549426e-05
char_omet,8.184064001958673e-05
char_ lot,8.177804736831877e-05
char_ mus,8.169585525176344e-05
char_xt ,8.168589192376545e-05
char_he',8.168040481066759e-05
char_!!!,8.151240137438459e-05
char_enti,8.14585694835095e-05
you need,8.144717373688232e-05
char_/b,8.142290790190744e-05
char_favo,8.135637402085918e-05
char_ why,8.132258157479413e-05
char_log,8.12361179432158e-05
hit,8.121096799144602e-05
char_heir,8.102517315249973e-05
char_cit,8.101763242945946e-05
char_etti,8.098768167894012e-05
char_fore,8.097636495135185e-05
char_pic,8.097632466741655e-05
char_bal,8.090267371940853e-05
char_efo,8.08680559837063e-05
"char_r,",8.067794458496183e-05
char_sou,8.067788060105227e-05
char_houl,8.063422652118802e-05
or,8.049642508797434e-05
char_oday,8.049244010336541e-05
char_on.,8.04786098092448e-05
char_ect ,8.04272747461739e-05
char_lr,8.025945146419736e-05
char_ dre,8.02538193342518e-05
char_ù÷â_,8.018641354837964e-05
char_ fav,8.006434211515367e-05
char_ite ,7.997858548086943e-05
char_el ,7.995939103315624e-05
char_atu,7.992422274879345e-05
char_ hat,7.988639288058291e-05
char_chil,7.9886004829272e-05
char_eryd,7.987127757435155e-05
char_anc,7.971672204671775e-05
football,7.969128305014771e-05
char_akin,7.965676030770771e-05
char_ twe,7.960698831225016e-05
char_rot,7.955931690135046e-05
char_aro,7.953275089491325e-05
char_rect,7.938612748238836e-05
week,7.93541907479206e-05
char_rts,7.935341650641352e-05
char_ders,7.919686373536474e-05
char_ana,7.895755830326955e-05
char_omp,7.894754655615984e-05
char_ody,7.893532070573191e-05
char_shit,7.890144291361263e-05
char_sup,7.890080574633739e-05
char_rvi,7.87253276128608e-05
do it,7.869323960505898e-05
char_ele,7.862834523780111e-05
char_ker,7.849470687920194e-05
char_erv,7.846161449061098e-05
char_ mon,7.84061513833547e-05
char_ nev,7.83411873126202e-05
char_hs,7.822944044707009e-05
char_sle,7.821428732858697e-05
char_yd,7.821014502308101e-05
char_py,7.814059884809945e-05
looking,7.811033972701491e-05
char_ las,7.803642840635948e-05
char_unn,7.802747834141257e-05
char_isi,7.796970575688658e-05
char_ria,7.783901753781435e-05
char_ush,7.768837275110287e-05
char_mond,7.767796429318246e-05
am,7.762354002937742e-05
half,7.76174910276962e-05
char_&a,7.755046388984058e-05
char_ @i,7.744072746394822e-05
char_eal ,7.739025683416012e-05
char_ps ,7.737528339689654e-05
char_twi,7.735259845616723e-05
char_ivi,7.733784635219286e-05
char_maz,7.72810435839604e-05
char_wers,7.727590060889251e-05
the worst,7.718568617245875e-05
char_stop,7.714745910049815e-05
char_ili,7.713942323781645e-05
char_'re ,7.7116464290843e-05
char_uo,7.697708874340973e-05
char_nal ,7.668025384790494e-05
char_ay.,7.661544020260363e-05
char_cs ,7.661364684561469e-05
char_ ad,7.659074700323439e-05
char_ward,7.649281099154855e-05
char_ange,7.63818821210564e-05
nigga,7.636818010090776e-05
char_ wal,7.63294736861287e-05
char_t! ,7.614313059736149e-05
char_j ,7.604998562718886e-05
char_usi,7.587340696171977e-05
char_lkin,7.580372792069847e-05
never,7.570937411606947e-05
char_/o,7.557906060194884e-05
char_cks ,7.554793585832283e-05
family,7.553312177338515e-05
char_ways,7.549724013714751e-05
char_#m,7.546304475793402e-05
char_ild,7.545164571043736e-05
char_co/z,7.543676499499506e-05
char_foo,7.54030297317142e-05
char_o/j,7.538731773432929e-05
char_ may,7.537308182338125e-05
char_ him,7.523755115392964e-05
char_same,7.515264901339964e-05
char_avi,7.509947442979693e-05
char_ sur,7.508334416740363e-05
char_wher,7.506097554774957e-05
"char_."" ",7.503468458548154e-05
char_rti,7.496224445566368e-05
char_o/k,7.477636846493889e-05
char_irl ,7.477045315163902e-05
char_doe,7.472970079983607e-05
char_hes ,7.470930128190873e-05
char_co/h,7.469718969301556e-05
should,7.463757858438275e-05
char_tyle,7.463481144428843e-05
"char_y, ",7.457902628144432e-05
char_ pic,7.454973378347632e-05
you don,7.454878858367787e-05
_ù https,7.449310481843359e-05
char_ount,7.445267580200925e-05
char_swe,7.441901458789513e-05
char_eet ,7.435389582738711e-05
onedirection for,7.433703307493801e-05
char_÷â_ù,7.42618179502471e-05
to have,7.424104387922428e-05
char_feel,7.412844549265169e-05
char_erm,7.409343745836989e-05
char_ins ,7.402259382114872e-05
char_ig ,7.401422407502028e-05
char_ ap,7.399159375498396e-05
char_nes ,7.397460893990496e-05
heart,7.387381409953463e-05
walking,7.38521860793478e-05
char_were,7.37994542066736e-05
char_ #c,7.374435895605519e-05
char_err,7.342636883418171e-05
char_led ,7.331559986288552e-05
char_pri,7.323951628171745e-05
char_day.,7.320136219087529e-05
char_row ,7.31620482361593e-05
char_y!,7.310354580904846e-05
face,7.306517682075006e-05
char_ giv,7.293126298747214e-05
char_i'll,7.290714978478742e-05
char_ boo,7.287481462878826e-05
char_lad,7.285685707827361e-05
today,7.283603364706095e-05
name,7.275877821183975e-05
char_ming,7.274316079104217e-05
char_u're,7.272178500574592e-05
char_p.,7.269941608245594e-05
char_eti,7.262232512382207e-05
char_ rem,7.255647587488063e-05
work,7.247905466367595e-05
char_ cla,7.242554248218801e-05
char_co/b,7.239036259138329e-05
char_face,7.238602342700259e-05
char_ vot,7.231757963226255e-05
char_sure,7.228594024790818e-05
char_!!! ,7.206870152851182e-05
char_leg,7.206322769039215e-05
char_pol,7.192508448122479e-05
char_bt,7.178851792431356e-05
say,7.176612175061536e-05
char_arg,7.175565285547185e-05
char_co/k,7.174516094796448e-05
char_rta,7.173409192414576e-05
char_lau,7.170596264974951e-05
char_/r,7.16817305885471e-05
char_ wer,7.165260620084699e-05
char_ign,7.162773254056144e-05
char_tat,7.15875884236659e-05
stop,7.15400732127774e-05
__ù,7.137238843848222e-05
that the,7.122959021474743e-05
char_ had,7.119243853682458e-05
char_ wr,7.115421891443435e-05
char_ pho,7.113069311212163e-05
char_nex,7.10890780050387e-05
char_ize,7.102674350738422e-05
char_ cal,7.10134688959608e-05
char_eel ,7.098899624623443e-05
someone,7.098877265138878e-05
char_co/v,7.095587504658664e-05
hope,7.091546065106794e-05
char_cy,7.080867087909676e-05
char_ox,7.076101243874686e-05
will be,7.075416948254617e-05
little,7.074847690663261e-05
char_rde,7.067930670165311e-05
char_ pri,7.067218717240688e-05
char_o/d,7.064941962834915e-05
gonna,7.054799288054147e-05
char_ian ,7.045072739594132e-05
char_/a,7.04322460576589e-05
char_sr,7.040729047854071e-05
char__s,7.028912598796591e-05
char_e? ,7.015994442947803e-05
char_es.,7.011368350618946e-05
char_rh,7.008115204963103e-05
char_#am,6.99957332055407e-05
char_ exc,6.99896541955605e-05
char_/w,6.986087587592787e-05
char_ord ,6.98409330339248e-05
char_opp,6.957980331308267e-05
char_un ,6.95468008643138e-05
char_ema,6.944900493147188e-05
char_ied,6.940951426066714e-05
char_heck,6.93698638129781e-05
char_op ,6.930100809029358e-05
char_#c,6.922598001622529e-05
you and,6.922163701391093e-05
fuck,6.921795493242053e-05
char_mbe,6.919237288701151e-05
char_lor,6.91733795705357e-05
char_s..,6.913550365706117e-05
do you,6.907224748289685e-05
char_9 ,6.905227497830526e-05
char_quen,6.90340542843007e-05
real,6.901570960862878e-05
char_tn,6.892610151090374e-05
char_call,6.889777026974325e-05
in my,6.888536624473857e-05
char_mp; ,6.885296835153527e-05
char_styl,6.884418928180142e-05
via,6.883650450215654e-05
char_co/i,6.882690417589077e-05
and just,6.882069335866499e-05
char_ela,6.879811939385865e-05
char_ecau,6.879335977405261e-05
char_brea,6.870483883637417e-05
char_cess,6.869491119783282e-05
char_bei,6.850332752894661e-05
char_ fac,6.844166881608562e-05
char_ort ,6.839341506540423e-05
enjoy,6.838658976925469e-05
you are,6.837847264557078e-05
char_ fun,6.836572982949728e-05
parents,6.826381290336385e-05
have lot,6.821562318751462e-05
char_ue ,6.818997669449882e-05
char_ger ,6.81377758185403e-05
an,6.812115013169606e-05
char_nis,6.809497408977255e-05
char_tist,6.80691096130858e-05
char_sai,6.805838072172084e-05
char_ima,6.798655405685217e-05
char_ext ,6.791005742920086e-05
wanna,6.78912655835225e-05
char_oned,6.784109945154905e-05
char_old ,6.782790305390092e-05
char_aha,6.777848775124085e-05
char_hot,6.777566994854522e-05
â_ù,6.767693151020206e-05
char_eau,6.767491925551453e-05
char_ tri,6.76696675305636e-05
char_ @on,6.76590717341978e-05
same,6.76286411790807e-05
guy,6.759091338198567e-05
char_ cra,6.75853666822394e-05
char_it. ,6.743383164451023e-05
char_ash,6.737282936903549e-05
char_care,6.726610206415767e-05
after,6.72587225357248e-05
over,6.721102379392587e-05
char_00,6.718489445601526e-05
char_co/j,6.716399524704558e-05
char_ #l,6.698886429360187e-05
char_def,6.695722583364892e-05
char_amp;,6.691525394611975e-05
char_ ',6.686982098481084e-05
than,6.686585907604423e-05
char_rest,6.68425890101872e-05
char_@e,6.674883126935105e-05
char_co/q,6.673212325269421e-05
char_ god,6.671990243149354e-05
char_und ,6.662859644701728e-05
char_sio,6.661492922890095e-05
these,6.65324298215413e-05
char_ sup,6.650699453714474e-05
char_tai,6.645498002432059e-05
char_prob,6.644079057359537e-05
char_ ass,6.643091322148784e-05
char_ends,6.64300747202375e-05
char_eac,6.633136240491845e-05
char_pect,6.622681690305497e-05
char_ try,6.609374552816029e-05
char_eyou,6.60751984721129e-05
char_itte,6.607145185321683e-05
char_/g,6.604496449101263e-05
char_co/a,6.60047554186032e-05
char_next,6.598990601558633e-05
char_fer,6.597416190720588e-05
char_dia,6.597331737479845e-05
char_set,6.597006116636125e-05
char_ wai,6.59148218149136e-05
char_dn't,6.588587615595625e-05
char_re.,6.587773436406228e-05
"char_r, ",6.583088366989504e-05
char_&amp,6.573676254337456e-05
and she,6.569797166900114e-05
char_oom,6.563052406223162e-05
char_ao,6.55236156610593e-05
found,6.538681557858123e-05
money,6.537437521812945e-05
win,6.535035672813869e-05
char_hip,6.533051722263222e-05
black,6.53025506406241e-05
you can,6.516306360816087e-05
didn,6.513829416326335e-05
char_dat,6.507517975798134e-05
followed me,6.505388654087538e-05
char_s! ,6.501884158067985e-05
char_o/q,6.498769996145552e-05
10,6.498182479277731e-05
char_rain,6.49526554208663e-05
char_co/f,6.46948306634375e-05
char_ory ,6.454804589144328e-05
char_ro ,6.442489222289735e-05
lot of,6.427908518103848e-05
char_ hou,6.425636316546161e-05
char_had ,6.416807120148648e-05
char_sg,6.40605564229603e-05
char_s: ,6.39896890008939e-05
char_emi,6.39583469120666e-05
char_comm,6.393313542111436e-05
char_cle,6.39262451543509e-05
char_tart,6.391851507556231e-05
char_ngs ,6.389077604793464e-05
char_ wou,6.373829894665766e-05
be the,6.367918343757871e-05
char_ents,6.362765569212231e-05
char_ping,6.35205411961576e-05
char_ep ,6.351947527695821e-05
"char_es, ",6.34799969302237e-05
char_ger,6.343430212358254e-05
char_bas,6.342679893332276e-05
char_nie,6.339015472576035e-05
down and,6.329867619821635e-05
char_ ru,6.327862161094098e-05
char_hed,6.323078519020222e-05
char_omin,6.307562098429758e-05
char_#w,6.301593782588222e-05
char_nigh,6.297156638339719e-05
char_nsi,6.29252770245014e-05
char_may,6.285331355207061e-05
char_exp,6.27350252005205e-05
char_kid,6.273141140364721e-05
then,6.257526198168044e-05
char_has ,6.24899913549535e-05
char_gan,6.246615830681085e-05
char_ase ,6.242530615259038e-05
char_serv,6.241710905319214e-05
big,6.228996169568953e-05
char_ hol,6.224657827520055e-05
char_/c,6.222318885936886e-05
char_ los,6.220429342359335e-05
char_righ,6.22037329916507e-05
char_dn',6.205244126364316e-05
char_ames,6.203266469547944e-05
when you,6.197705661541192e-05
char_tom,6.195988322974795e-05
"char_h,",6.183783754750897e-05
char_rev,6.177747533677969e-05
char_hor,6.165096171676251e-05
char_201,6.159361065786895e-05
char_dle,6.157041586691863e-05
char_ @k,6.15140512894498e-05
char_/i,6.150480749861466e-05
anyone,6.143741004782529e-05
char_lack,6.136832139184911e-05
char_ blo,6.122816972299552e-05
char_sig,6.122568229383606e-05
next,6.120566198671605e-05
char_nge ,6.120561173424828e-05
char_ cut,6.117764183399432e-05
char_ved ,6.114101063848555e-05
char_arry,6.114043399125519e-05
char_ cre,6.112054082513051e-05
nice,6.10904514619745e-05
char_lia,6.10706046717358e-05
char_lv,6.077770530935223e-05
char_ 10,6.054847587283002e-05
char_exc,6.048085087420877e-05
char_ax,6.0401064456112885e-05
char_beau,6.0346123164883126e-05
char_ythi,6.0273682680109305e-05
playing,6.024089306363564e-05
char_thro,6.0146522165863435e-05
char_oor,6.0109150832578296e-05
char_ @th,6.006103193862936e-05
char_ham,6.005189069254885e-05
high,6.0026658169763676e-05
char_hah,5.9972364049880026e-05
char_hos,5.994589018918445e-05
need to,5.993138735202517e-05
char_mic,5.973017990335676e-05
char_ated,5.962474869364271e-05
char_anks,5.950771998962967e-05
use,5.945775776209741e-05
char_easo,5.9427338596075676e-05
char_uri,5.940778348973896e-05
char_atte,5.9397654739710596e-05
char_iss ,5.932503862031004e-05
char_m. ,5.927698608033572e-05
story,5.926444789952129e-05
char_vide,5.916854787011318e-05
char_free,5.912331059362586e-05
char_ms ,5.906376007742602e-05
char_alo,5.886580998210178e-05
char_enn,5.878045814103578e-05
char_lk ,5.876789784316874e-05
actually,5.875477760097843e-05
"char_h, ",5.872431806852315e-05
char_co/w,5.8668545811262806e-05
char_rop,5.865110797115328e-05
last night,5.853951649620247e-05
wouldn,5.850648560893731e-05
char_fre,5.849653359522593e-05
char_ bea,5.8391881844441684e-05
char_ears,5.831897057091937e-05
char_ end,5.8315085999603265e-05
char_ily ,5.824337878179064e-05
_ùó _ùó,5.814135459998736e-05
char_ #m,5.8072010957265696e-05
char_ alw,5.807158916585856e-05
char_omeo,5.806695740009453e-05
char_@w,5.806096901864221e-05
char_cent,5.801724127693924e-05
char_ges,5.801671173242338e-05
the new,5.7985527352268083e-05
char_ sn,5.7923109748518346e-05
char_o/r,5.7912363110304056e-05
char_nfo,5.786580461291148e-05
char_haw,5.7789617251443085e-05
char_t;,5.773699061000082e-05
char_sn',5.771317570515877e-05
char_co/g,5.7608588054653944e-05
char_s_,5.758725546418899e-05
boy,5.758513142310347e-05
char_fam,5.7571427678113323e-05
miss,5.754919629090007e-05
done,5.753694894920154e-05
much,5.752792728474217e-05
char_avo,5.751117410641462e-05
char_eryt,5.749852961860191e-05
char_ und,5.745770675410601e-05
char_word,5.745681509111607e-05
you to,5.732907056387952e-05
char_01,5.729893076176313e-05
before,5.726994209892518e-05
char_ban,5.720191959460838e-05
char_on. ,5.7132237463244734e-05
char_m.,5.708426596744282e-05
to be,5.702618182953782e-05
char_co/e,5.6977270643243195e-05
char_did ,5.695166296864438e-05
char_ pas,5.6891412256660675e-05
char_#l,5.6872739641134676e-05
char_lki,5.681073649826813e-05
just want,5.679560071881124e-05
char_rent,5.66840326566937e-05
please,5.66309073668483e-05
char_oli,5.662518931359716e-05
char_/u,5.661818048803062e-05
char_oss,5.657133134167099e-05
char_ imp,5.6524197429535315e-05
â_ù â_ù,5.643804458398957e-05
char_cri,5.6363860002723456e-05
char_rong,5.6291237403505234e-05
char_ffer,5.6290578847990195e-05
char_/l,5.6189310000248155e-05
are you,5.613442759651579e-05
ûªm,5.6128632064052236e-05
can wait,5.602927726720564e-05
wait,5.6017090135518416e-05
it last,5.5973699862790646e-05
lottie please,5.5913311300534116e-05
char_eav,5.5704436847779915e-05
tonight,5.56010985593681e-05
char_esse,5.559908480021982e-05
char_yw,5.555023338817889e-05
char_ky,5.554891475828388e-05
char_arti,5.551719313166166e-05
_ùõ,5.543831786163056e-05
char_bett,5.535130460047935e-05
char_del,5.5318651850959164e-05
char_xi,5.5257297434176094e-05
link,5.5210819930637215e-05
char_ws ,5.5158550799091656e-05
char_esti,5.514307318511876e-05
char_/z,5.5033397744272596e-05
cause,5.501540398065964e-05
voice,5.495515722364541e-05
char_nse,5.488042022484936e-05
char_cro,5.474005260675084e-05
char_god,5.4605804348991156e-05
char_oooo,5.459766833243812e-05
char_pe ,5.452466355933597e-05
amas,5.4523148515130566e-05
wait to,5.447984469279637e-05
watch,5.440085946015103e-05
something,5.4320344180275434e-05
char_w.,5.420651112368861e-05
please follow,5.418022129402967e-05
char_two,5.4158771622302165e-05
char_nks ,5.410499429777807e-05
char_nth,5.4098356417104885e-05
char_pers,5.408756617596939e-05
char_ sit,5.4035400048468575e-05
char_sor,5.397580308582079e-05
as the,5.3964870372535993e-05
char_ane,5.395941397719285e-05
char_#ama,5.39229247076667e-05
char_nor,5.382098071638725e-05
char_ryt,5.376880837197373e-05
char_ doe,5.3644211387997564e-05
watching,5.3620150556250137e-05
halloween,5.339628639646784e-05
all the,5.337489325287097e-05
char_dit,5.336256554651645e-05
char_amas,5.335829313543823e-05
off,5.3335795427667916e-05
char_via ,5.322605753402902e-05
hour,5.296127197158507e-05
move,5.29299248342163e-05
char_k. ,5.286609988914417e-05
char_ foo,5.2779670893372395e-05
char_ exp,5.271647480620294e-05
to see,5.259761904008636e-05
"char_l, ",5.2475041390773216e-05
char_cked,5.2461071084086545e-05
char_zy,5.2453441832933915e-05
char_ind ,5.242943494903167e-05
char_push,5.242089546096562e-05
char_iff,5.240325481235376e-05
char_med,5.239451255533727e-05
char_rda,5.2322497955030405e-05
the first,5.226785032390045e-05
char_hl,5.2254099069718444e-05
char_hd,5.222863977285682e-05
makeup,5.218517537878646e-05
char_deo,5.216558541522214e-05
char_ooki,5.2096328412618834e-05
char_pea,5.208652763353871e-05
char_o/e,5.2016574807759704e-05
char_spa,5.1965339884099294e-05
char_air ,5.184849971233283e-05
char_ ol,5.184644644672143e-05
char_gs ,5.180646733716407e-05
char_/y,5.173629854137718e-05
while,5.171350617398584e-05
ûó,5.1648187022509815e-05
with the,5.153554030282266e-05
char_ han,5.150642020873651e-05
char_lls ,5.144681489621039e-05
char_acti,5.1362735384275834e-05
having,5.126919033339911e-05
char_iver,5.113228725238583e-05
where the,5.112927166248855e-05
and so,5.1096424267729876e-05
char_ete,5.1081424455372184e-05
char_ats ,5.103008556357947e-05
char_o/i,5.0895273182898e-05
char_ethi,5.088731274436156e-05
since,5.072794181525536e-05
oh,5.066583298907865e-05
comes,5.0656343299890926e-05
char_ hop,5.064088400865987e-05
char_clas,5.060616788646902e-05
char_mem,5.050008191390763e-05
char_/d,5.048066697297648e-05
past,5.042867437761342e-05
char_@ma,5.030341314224526e-05
char_rol,5.026018243838992e-05
char_appe,5.023193560099223e-05
thanks,5.019036152928183e-05
char_at's,5.0121507093474975e-05
of her,5.0011209034180535e-05
girls,5.00021763686649e-05
go to,4.999634705552442e-05
char_lso,4.995559402980113e-05
char_char,4.9953824338143415e-05
char_phon,4.9926872004212e-05
char_#g,4.986144440418681e-05
shut,4.982363407553385e-05
char_o/f,4.975665426549411e-05
bc,4.972731780844729e-05
char_head,4.971612916626609e-05
char_sca,4.967095774777442e-05
build,4.9666218653219745e-05
char_ bit,4.9646913931226257e-05
char_ au,4.961367915932578e-05
char_uch ,4.9597193608803434e-05
said,4.955620637308341e-05
char_ bel,4.93424167077736e-05
making,4.9341340884906986e-05
char_sid,4.933147381739379e-05
char_ mar,4.9329569033049624e-05
video,4.924959135639183e-05
because,4.92471829463223e-05
char_ &am,4.9222592057310856e-05
char_uy ,4.910631140118401e-05
char_ awa,4.908070059345939e-05
told,4.906151796976536e-05
char_hope,4.9040870839719405e-05
char_meo,4.903669588830492e-05
char_ it.,4.9005201127916773e-05
nba,4.8899685753262064e-05
space,4.888117373798451e-05
char_hard,4.875046694767242e-05
years,4.874495004967432e-05
char_o/b,4.868583446376138e-05
char_qui,4.8685482783752136e-05
you want,4.863472849000813e-05
stay,4.859800752967014e-05
mine,4.8588243656106044e-05
char_gonn,4.844830388702754e-05
char_ega,4.8327177711209145e-05
char_reme,4.828179181827132e-05
char_agai,4.826717928638792e-05
char_aw ,4.8186321591711203e-05
listen,4.812762071051407e-05
char_/p,4.8050759858405034e-05
char_ ai,4.7948595818923444e-05
char_/h,4.791168305900608e-05
char_poi,4.79090962750189e-05
char_idn,4.790893768776712e-05
bed,4.7852883598695685e-05
char_#t,4.775188540457241e-05
music,4.769117076676868e-05
char_xa,4.7464246587061695e-05
ass,4.718156770525511e-05
vote for,4.71063712808408e-05
season,4.7019518660739735e-05
15,4.695416087569758e-05
char_wri,4.685743060416056e-05
desk and,4.685635779141318e-05
char_ries,4.672616667836821e-05
char_vid,4.6709245734128334e-05
char_er. ,4.6686148580090465e-05
char_yes ,4.667275974496691e-05
office,4.66695675687073e-05
char_itin,4.665269282842299e-05
tell,4.650702462950492e-05
char_dc,4.648590975449936e-05
forevermore and,4.64528290355573e-05
char_stat,4.640112415790675e-05
char_umb,4.6327376011574855e-05
char_scho,4.623173327699099e-05
can be,4.620505857858103e-05
char_book,4.619872313557109e-05
lot,4.609601874069828e-05
char_@on,4.601671683723514e-05
char_onna,4.598220904993101e-05
char_ette,4.593899375013536e-05
char_omm,4.593679666380004e-05
one of,4.59168456807151e-05
and he,4.587567115928796e-05
right now,4.5822930691516146e-05
char_blo,4.572857547357796e-05
most,4.569697084528483e-05
char_ har,4.562916486402827e-05
harry_styles,4.555362974640435e-05
char_ream,4.5532788609096553e-05
char_said,4.552809776504985e-05
"char_l,",4.541369535841292e-05
transforming workbench,4.5322623759575726e-05
awesome,4.5225561681842125e-05
the time,4.522056227220563e-05
char_fs,4.517325454663962e-05
_ùôî_ù,4.514835979776669e-05
char_sion,4.5107524721012965e-05
char_cas,4.50928513519765e-05
char_each,4.505314435072707e-05
char_efor,4.485332273814506e-05
and vote,4.4775028865275734e-05
nap,4.455996131221781e-05
amazing,4.4520689421615154e-05
char_spo,4.451091778775829e-05
char_ower,4.4468131468983556e-05
looking for,4.443919595579009e-05
char_coul,4.441884871423286e-05
to me,4.4403836718228864e-05
and now,4.428149284474631e-05
char_cont,4.425429683769161e-05
mean,4.424284076592966e-05
party,4.4213559969713595e-05
char_ bot,4.4163985093427305e-05
char_ wea,4.414785405539275e-05
dress,4.409163969404042e-05
find,4.405736042342471e-05
what the,4.4054671879676605e-05
sign,4.400628932478184e-05
char_a.,4.396548749151894e-05
char_vote,4.375648491967369e-05
char_rro,4.369829761509777e-05
and my,4.368269082772092e-05
char_ces,4.3675340652002935e-05
rabiu kwakwanso,4.359705406785146e-05
char_mad,4.358030068176942e-05
char_eck,4.352354523400993e-05
to my,4.344255340080763e-05
char_ano,4.3375991923673174e-05
char_÷,4.334300061886115e-05
char_ji,4.328377966984618e-05
char_ cam,4.327680562887969e-05
thanks for,4.3197551300122585e-05
hate,4.310566365571057e-05
char_duc,4.3060711380549294e-05
char_h.,4.30572584595085e-05
char_fou,4.2760683976754294e-05
char_owin,4.272903221680611e-05
million,4.271622296130727e-05
of it,4.2695250849680285e-05
char_alki,4.264989505195767e-05
left,4.2567894344823006e-05
char_ped,4.247347505192321e-05
char_dire,4.2427867046878067e-05
that you,4.237686724289914e-05
school,4.226840153489423e-05
char_bus,4.226335730488122e-05
already,4.2254984047213255e-05
book,4.2246140753999264e-05
char_fun,4.218129147155366e-05
friends,4.2176343913805546e-05
char_o/a,4.204474327236682e-05
char_o/m,4.194115706457654e-05
char_tag,4.191105621053221e-05
char_co/t,4.189731424270635e-05
char_ #am,4.1895048180523845e-05
everything,4.1880604808141976e-05
fall,4.1856788928125655e-05
for it,4.185553138280829e-05
guys,4.1784045680151595e-05
of all,4.176173311626338e-05
by https,4.1703004500967636e-05
ain,4.148591546970253e-05
tag,4.139509596015617e-05
and have,4.138538122891528e-05
job,4.1346133086840803e-05
the world,4.133396832422559e-05
char_ay. ,4.128577236859055e-05
char_ ask,4.119638774143491e-05
char_nch,4.109614580130535e-05
char_per ,4.1057827785467366e-05
days,4.103775877555861e-05
to keep,4.09775235860196e-05
char_ben,4.0943017190052886e-05
char_tche,4.083831387793508e-05
char_als ,4.082972068648053e-05
post,4.0647846551408515e-05
artist,4.060950316920563e-05
char_eo ,4.054758429175855e-05
looks like,4.053749363896208e-05
own,4.0492320730286904e-05
end,4.010344561992384e-05
char_usin,4.0095463353475856e-05
_ù _ùõ,4.0008962065049236e-05
to do,3.999034849843749e-05
char_aren,3.9940665363175825e-05
char_zin,3.987576004014508e-05
char_eart,3.987480663028367e-05
char_t?,3.984834303936899e-05
hii,3.983960494594258e-05
everybody,3.983533446548695e-05
about the,3.977429645434182e-05
were,3.975010412118582e-05
char_ vid,3.963424824690816e-05
fake,3.9584147587271356e-05
ppl,3.953413869979161e-05
char_/k,3.93424471909379e-05
the impudence,3.9324898825930776e-05
char_mas ,3.929441851900497e-05
study,3.9180466903783086e-05
char_musi,3.911027412614028e-05
char_y',3.9109820760039815e-05
smile,3.90842624590328e-05
it was,3.904324666380791e-05
the other,3.899916985485805e-05
dont,3.8965172007409635e-05
for me,3.8936145152248614e-05
char_evi,3.8913495200474226e-05
char_eng,3.8838882263438233e-05
miss you,3.878456006907709e-05
char_ suc,3.870960778690742e-05
ll be,3.8683066369730406e-05
char_zing,3.864367048139805e-05
to go,3.857041725037019e-05
"char_o, ",3.857031379186034e-05
and its,3.854319990270073e-05
char_tly ,3.8482554700564204e-05
excited,3.8462896664949835e-05
and all,3.841147051527924e-05
follow me,3.838243819288842e-05
on my,3.8362951533305074e-05
earth,3.835207101882838e-05
should be,3.8052962865147715e-05
the same,3.803941360866336e-05
char_eca,3.799778721081478e-05
char_atin,3.7978370959771725e-05
char_ppl,3.7647038555199486e-05
char_embe,3.7564219780225664e-05
behind,3.754855112303172e-05
below https,3.75008191467348e-05
char_line,3.7483030483676124e-05
char_ nex,3.747305013920156e-05
fucking,3.7465370688689225e-05
char_ put,3.743585072313053e-05
char_rds ,3.7387796871125116e-05
so much,3.732882830308061e-05
the one,3.732239696045937e-05
everyone,3.7302856136602783e-05
char_eone,3.717008585716901e-05
char_ii,3.71483955292015e-05
char_lass,3.713772371568824e-05
long,3.705144993013976e-05
up or,3.700517577258903e-05
char_cen,3.691050385742464e-05
char_beca,3.690655082920009e-05
also,3.687982368567417e-05
char_tit,3.685931112538465e-05
together,3.6745931984805595e-05
and go,3.6675118814789405e-05
char_ines,3.66315710279942e-05
char_yc,3.6584959885728425e-05
of space,3.6456552434347234e-05
and not,3.6445613153280916e-05
char_o/w,3.638566917368485e-05
song,3.634091923261485e-05
char_rne,3.633638401342211e-05
met,3.6321336916676964e-05
sitting,3.623125146730708e-05
open,3.619884591155991e-05
char_ bad,3.615739469171671e-05
char_ited,3.6104377758862e-05
"char_er, ",3.608437362876446e-05
health,3.6078140713512866e-05
char_ mos,3.602586735035067e-05
men,3.600256263810083e-05
without,3.5932225186316806e-05
the year,3.592897738966737e-05
agree,3.578900444341168e-05
ask,3.577405518892269e-05
char_kl,3.576361104712552e-05
char_didn,3.5725891917641036e-05
char_hose,3.555954673436122e-05
nothing,3.5554335434220214e-05
char_ el,3.553640712079094e-05
express,3.550257741799923e-05
photo,3.5493777129448e-05
give,3.549374565350271e-05
understand,3.542559696214495e-05
support,3.5388237854367056e-05
at me,3.538546503202634e-05
char_ason,3.534038137727041e-05
and do,3.5308682000698376e-05
club,3.523645560633474e-05
fani kayode,3.5200366940314175e-05
char_ket,3.518465602549875e-05
char_oon,3.517004787987119e-05
ah,3.511990995697653e-05
char_tive,3.511029015553812e-05
deserve,3.505448436293131e-05
char_vel,3.504707458484216e-05
char_edir,3.500361952319099e-05
char_#pu,3.499210998335722e-05
char_ @p,3.499180013293763e-05
char_coun,3.49364784269782e-05
the most,3.490763926682507e-05
11,3.4892745945497636e-05
get the,3.487617864123725e-05
char_sten,3.485389254875686e-05
and they,3.484859064779097e-05
char_ooo,3.483944814269209e-05
char_ely ,3.4812506645698e-05
_ù __ù,3.47876079366409e-05
char_ im ,3.473666085693817e-05
char_nedi,3.469715641522184e-05
cuts,3.456879343260813e-05
around,3.4566962502499645e-05
those,3.453224445930903e-05
better,3.452384151159251e-05
eating,3.447099141061648e-05
waiting for,3.44591305806163e-05
both,3.444103489131762e-05
and how,3.444010991605421e-05
looks,3.4392224000000594e-05
to all,3.431235607343946e-05
what you,3.4297068255927766e-05
even,3.4292117878550755e-05
char_blac,3.422319321854104e-05
bring,3.420614529480964e-05
char_ clo,3.420543311759352e-05
least,3.419908925520821e-05
char_nger,3.409341477143605e-05
it _ù,3.408798346977368e-05
kids,3.4020790619068616e-05
you get,3.397816199729976e-05
car,3.3948226630728325e-05
char_does,3.3911893730105555e-05
this weekend,3.380726537185731e-05
char_ppo,3.371978871991353e-05
char_co/r,3.371975622296598e-05
co 5iv46wvpmc,3.358776877524628e-05
for you,3.348874267865147e-05
don think,3.336457472677507e-05
started,3.334023591352873e-05
take me,3.3306864612727465e-05
char_ek ,3.328215946834155e-05
char_azi,3.327628133601876e-05
thinking,3.322499091107782e-05
char_wer ,3.321528191655818e-05
and then,3.31832249771629e-05
problem,3.3114380957523e-05
like it,3.284791249037464e-05
kind,3.284644934500956e-05
stuff,3.27820088408023e-05
from the,3.2735354792891305e-05
char_sis,3.270392589481898e-05
char_ @e,3.2646188263609114e-05
hard,3.262578676557612e-05
here and,3.2588649651068916e-05
out and,3.254458428494079e-05
rocks,3.250406162775403e-05
char_ tea,3.242203835297257e-05
with me,3.241961178078916e-05
char_ince,3.241703447620235e-05
scene,3.241587794237643e-05
char_ow.,3.237298770798727e-05
forever,3.2363262918651025e-05
amas justinbieber,3.234953869727084e-05
char_wen,3.234333925954858e-05
"char_er,",3.2318660478080286e-05
mate,3.23091160868148e-05
another,3.229223287769499e-05
to save,3.2256774750400726e-05
groom,3.22446411223466e-05
ya,3.222396319193397e-05
and there,3.221993137954511e-05
free,3.219996834219053e-05
across,3.204621672664984e-05
for artistoftheyear,3.204607973451488e-05
with my,3.1989948476199485e-05
loved,3.189654088811997e-05
_ùô,3.1857750332041884e-05
princess of,3.179782404679394e-05
talkradio,3.1792658330182384e-05
horizon,3.173126414181169e-05
not even,3.172542537750152e-05
char_try ,3.165947751777157e-05
until,3.1643132664571814e-05
char_scr,3.159816652791706e-05
getting,3.158488214399314e-05
it is,3.1576235904053904e-05
night,3.1483402032489924e-05
char_eep ,3.1435998101363135e-05
towards,3.138850954075837e-05
char_boo,3.137080013697448e-05
need,3.133076620709977e-05
char_ryth,3.1325697686409116e-05
char_co/p,3.1311074665908045e-05
first time,3.1287329448949716e-05
char_ip ,3.12095371524918e-05
took,3.120192948305969e-05
see my,3.1199533964957744e-05
nickiminaj,3.1186354030664406e-05
you re,3.1146594704937574e-05
read,3.111933460423671e-05
pic,3.1098962132142355e-05
couldn,3.100126858956508e-05
sometimes,3.0974316682495106e-05
leave,3.095347002767709e-05
come back,3.090851463884957e-05
there and,3.067778499633014e-05
helping,3.0629084006573786e-05
last year,3.0413773547890752e-05
char_lb,3.0338105653600448e-05
being so,3.032041728056356e-05
and every,3.0267255073652457e-05
away,3.0197154627118952e-05
rest,3.017079409233362e-05
group,3.0157914428543804e-05
thousand,3.011674217685734e-05
to engage,2.991516554762847e-05
super,2.9907745255704517e-05
char_yone,2.988962222208833e-05
_ù_,2.9844327269791393e-05
very,2.9810045920564932e-05
road,2.9672723198366772e-05
char_rma,2.966995009138256e-05
funny,2.962202755935317e-05
hello,2.962064683602315e-05
char_choo,2.9580266270068343e-05
look at,2.9556320628781198e-05
the past,2.9543702755532025e-05
their,2.9538403159668743e-05
char_h. ,2.949060513006383e-05
char_long,2.9481328761069378e-05
we can,2.94552517258572e-05
unfollowers,2.9454992475915653e-05
evening,2.9346125921962517e-05
cant,2.928632181571392e-05
char_eren,2.9259315042284993e-05
saw,2.9193332808289418e-05
wanted to,2.915430073891221e-05
old,2.914410651730744e-05
put,2.9084188539896797e-05
char_add,2.9072665439174618e-05
char_ade ,2.8956005989965328e-05
it https,2.8926167530112186e-05
brothers by,2.8900699479803273e-05
char_ters,2.8859376142049395e-05
any,2.8824550251875823e-05
unfollowed me,2.88128320936095e-05
char_hri,2.877819618419088e-05
char_ero,2.876412932862604e-05
followers,2.8695798428162455e-05
they re,2.864636490372018e-05
what do,2.8644268778138362e-05
playing the,2.8644140233517814e-05
sorry,2.8624936068453872e-05
char_dm,2.8580422035123544e-05
be auctioned,2.8576364490873063e-05
artist of,2.855468978034588e-05
char_ft ,2.8533817517235246e-05
swear,2.8459397592458437e-05
giveaway,2.8368707147318817e-05
months ago,2.836771042252024e-05
meet why,2.8335674168226015e-05
probably,2.8227091349606318e-05
box,2.8190512139152545e-05
stupid,2.8136146030595524e-05
justinbieber for,2.8130240491427333e-05
char_lls,2.809806344949099e-05
trying,2.8087808656386167e-05
char_q ,2.803469231840108e-05
char_ump,2.8033487058201815e-05
eat,2.8013183542306795e-05
heard,2.8010499368822184e-05
cancer,2.8005000719719007e-05
char_vori,2.7945274542584292e-05
flow,2.7942505123713562e-05
the way,2.7903975750034133e-05
know the,2.7856025603625423e-05
yeah,2.7837606866055673e-05
singing,2.780166558583037e-05
twitter,2.7790012937818466e-05
seen,2.7764620589013623e-05
and people,2.776082074253896e-05
char_ ser,2.773839792924602e-05
happiness,2.77265188867392e-05
me in,2.7697196103013683e-05
char_ ver,2.7695640191844373e-05
train,2.7690575271669613e-05
wear,2.7637078623194235e-05
and im,2.7636394259048756e-05
they had,2.762937449956485e-05
storage unit,2.7616714273563108e-05
build transforming,2.7550357864205797e-05
you enjoy,2.7514605002937693e-05
round,2.747446957579858e-05
love the,2.7440467792693414e-05
mind,2.7429929828642197e-05
learn,2.7282143299870214e-05
worth,2.726183160926301e-05
him and,2.725723501440756e-05
asking,2.7257222996015293e-05
hand,2.7255463138482595e-05
_ùª _ù,2.719059852893961e-05
talk,2.7188059722834528e-05
phone,2.7184802651961347e-05
char_test,2.717812587252369e-05
the whole,2.7070484988805043e-05
char_vey,2.7037756564779743e-05
hot,2.7010476936656195e-05
whole,2.6989354050804057e-05
show,2.6920331899136805e-05
yourself,2.691814028430649e-05
show up,2.6888980662366363e-05
char_bli,2.687080599724793e-05
join,2.684434638433322e-05
hit the,2.6832932599935736e-05
human you,2.6780409646759203e-05
char_bir,2.676827475108412e-05
co m0b5cywjsz,2.6663213747339383e-05
cheat,2.660916621295098e-05
and chill,2.660587928997683e-05
me when,2.657262822970399e-05
and humble,2.6549681077064876e-05
smh,2.6545877280476888e-05
point,2.6517915598079678e-05
do and,2.649674805784841e-05
never be,2.6476983976040074e-05
char_nny,2.6457115525131207e-05
char_' ,2.6443494252699925e-05
my mouth,2.6425231798983357e-05
gt,2.6408634343008102e-05
char_ lis,2.634593195801449e-05
100,2.630770493152159e-05
ends,2.6307138634657245e-05
the need,2.622072593424861e-05
for my,2.6178400081686126e-05
card,2.6141203452170786e-05
transforming,2.6114365426174266e-05
is on,2.6086176308041934e-05
it and,2.60657080250611e-05
do the,2.6057375995566104e-05
hear,2.6055487494504922e-05
know your,2.602819202554163e-05
this is,2.6010512551981035e-05
the horizon,2.5954569166116414e-05
but he,2.5938227849046835e-05
_ù and,2.589032689237044e-05
char_@the,2.5878193699551253e-05
and stop,2.5868754979128202e-05
tl,2.584274422893131e-05
studio,2.582737385375043e-05
youtube video,2.567061705969243e-05
bought,2.566596728829861e-05
char_upp,2.5664714515896913e-05
special,2.565889671310403e-05
the floor,2.5645549582152478e-05
death,2.5505123759801473e-05
into the,2.5455814473172533e-05
haven,2.5394544266625104e-05
okay,2.5371573153308815e-05
ones,2.5367257006418503e-05
ûªs,2.5348627005102053e-05
fox,2.5340792259074166e-05
is still,2.532193383374213e-05
shirt,2.5212618115078258e-05
char_orev,2.5139706202111045e-05
love you,2.513637378178478e-05
you mind,2.5071402387965238e-05
lmao,2.5068804484620252e-05
does,2.5052551847505165e-05
so many,2.5037519855972134e-05
sure,2.503177026717939e-05
definitely,2.5005908767075984e-05
coming,2.4969733224479438e-05
act like,2.4884861185921143e-05
now and,2.486360671452177e-05
char_co/n,2.4862605573817742e-05
is about,2.484112011496483e-05
dad,2.4818649070306764e-05
to look,2.480994282169921e-05
char_es. ,2.4784646437922545e-05
hi,2.4781401346524586e-05
char_ je,2.473621524454913e-05
added,2.4704713150981468e-05
char_him ,2.4692745554028674e-05
under,2.465128645199637e-05
local,2.4562888606018476e-05
spot,2.4522139742548252e-05
me the,2.4491243226491953e-05
group of,2.4362412561145198e-05
congrats,2.4356060710959553e-05
taste,2.4340704462242068e-05
there for,2.4305284998285885e-05
that will,2.429891387458002e-05
time and,2.429491720934848e-05
char_ #w,2.429235798116803e-05
about it,2.4285913180979576e-05
me all,2.42699844437307e-05
sick,2.4260290036403892e-05
him for,2.4200205516598177e-05
non,2.4192942462092758e-05
of light,2.418270672718637e-05
class,2.415665419968321e-05
it ûªs,2.413060122341083e-05
gives,2.411594724453106e-05
tax,2.4098454112150483e-05
single,2.4080698804109382e-05
char_ aga,2.4061530257125866e-05
see you,2.4030347333071222e-05
char_db,2.3978518033589847e-05
char_hour,2.3957855847736618e-05
got the,2.3908090483241704e-05
sad,2.3898573233087697e-05
so selfless,2.385099076589818e-05
definition,2.3799625655025767e-05
too much,2.3764404799589304e-05
human,2.372908164926595e-05
back to,2.3726742139729553e-05
please make,2.3719838740647378e-05
blow,2.369553253730141e-05
char_e:,2.3686758887502762e-05
pink,2.3680637910183258e-05
fans,2.365081019524452e-05
char_oint,2.3634821306326975e-05
and more,2.3634592447585434e-05
watched,2.3630366054080455e-05
ma,2.362874015346246e-05
to ever,2.3611517316088148e-05
and me,2.3604668169861345e-05
in his,2.3567974445695212e-05
harry potter,2.3536118971222386e-05
yall,2.3534412173944347e-05
the amount,2.3504448138776282e-05
with https,2.3479550893621258e-05
site,2.3445346856797634e-05
damn,2.338988839224553e-05
welcome,2.3374417608448985e-05
char_han ,2.3171141426840554e-05
mum and,2.3166651075619353e-05
things,2.3153558646433007e-05
cc,2.3149360262821357e-05
wanted,2.3148307679241683e-05
office and,2.3099793911778516e-05
up in,2.3096092892314667e-05
m0b5cywjsz and,2.305630435975344e-05
absolutely,2.304380060684005e-05
generation,2.299524317070959e-05
lose,2.2905908687698846e-05
store,2.2832745192706666e-05
char_ews,2.278476097670556e-05
buy,2.2750018268767888e-05
brothers,2.2727649133849606e-05
the lord,2.270627000364951e-05
went,2.2703653827689736e-05
new followers,2.2693920939843206e-05
written,2.267092529647101e-05
char_onal,2.2601559692342222e-05
wordbrain,2.2588962726263297e-05
you eat,2.2555198119858267e-05
lost,2.2544139474115938e-05
you got,2.2503041380004022e-05
tony,2.248949356252364e-05
news,2.244645461451485e-05
wifi,2.2415147073324573e-05
cute,2.2381782335700472e-05
one and,2.233001585875528e-05
come to,2.232060847729646e-05
forget,2.2298417966260976e-05
he not,2.227810331070791e-05
the words,2.221005984511037e-05
_ùõã_ùõü you,2.21971043732797e-05
game on,2.219295183157835e-05
to know,2.2172607628420877e-05
bro,2.2102268606662906e-05
it my,2.2096862617305345e-05
me to,2.2094792819976413e-05
gospel of,2.2094196504319658e-05
quite,2.2090426312281612e-05
driving,2.2089973200213157e-05
so can,2.2056329769025635e-05
char_chec,2.2037261703185025e-05
to work,2.2020590204294013e-05
maybe,2.2010380654755242e-05
living,2.1986779019047918e-05
let you,2.1979073502647437e-05
cry,2.196991879278818e-05
money and,2.1940402801745924e-05
and that,2.1925428514638227e-05
art of,2.192181741584552e-05
hello from,2.1903314758898054e-05
between,2.1838732891832454e-05
and need,2.1819603139728122e-05
data,2.1768965127475103e-05
dentist,2.1706756802278206e-05
think the,2.1693771647102532e-05
is now,2.1689148351342727e-05
teacher,2.1635735626237786e-05
idea,2.1619359177965528e-05
back and,2.1617254671608007e-05
luck,2.1587402959406387e-05
char_ @ma,2.1552420753908223e-05
body,2.1547596610359923e-05
rn,2.1539327146091035e-05
fulani brothers,2.1515003644801034e-05
bringing,2.1503763918818198e-05
check out,2.1494266806452966e-05
what they,2.1487433936207574e-05
stats,2.1462637437692147e-05
either,2.14545459441875e-05
hope you,2.143905523573992e-05
about my,2.1432330055535255e-05
involved,2.1417931035076975e-05
wild,2.140277451970246e-05
unfollowed,2.1392727855964964e-05
char_hell,2.1392182032983757e-05
time for,2.1368969886136007e-05
door,2.1353340915603544e-05
char_nam,2.131969696518316e-05
sunday,2.129859576980056e-05
weird,2.129072417337313e-05
ideas,2.1287385817167895e-05
sent,2.1246502521417503e-05
talented,2.1210559342938542e-05
tired,2.1171130594535956e-05
seems,2.1120354822300645e-05
about you,2.111380646488016e-05
mr,2.110681077826817e-05
char_ente,2.1097800513565983e-05
don know,2.1012423141526515e-05
char_othi,2.1006626807673848e-05
promise,2.0968865931954373e-05
over and,2.0950126061009092e-05
trying to,2.0929073131348154e-05
yesterday,2.0865324007802587e-05
wanting,2.085897152181316e-05
and her,2.0853939698044826e-05
is not,2.0851233913351353e-05
here are,2.084233532546648e-05
up and,2.0805356138780984e-05
that shit,2.0798746004860648e-05
happy birthday,2.0797381524977434e-05
makes it,2.0788475038150985e-05
at work,2.078519056717102e-05
and storage,2.076447369425943e-05
the teacher,2.070521183312535e-05
that is,2.0647605066576338e-05
so it,2.063598974442614e-05
clean,2.0621613501138297e-05
ok,2.06196155051556e-05
the scenes,2.06063431914743e-05
ago,2.0600386606959197e-05
keeps,2.0569626142428876e-05
and kill,2.0569236694518337e-05
via youtube,2.0508356799261544e-05
products,2.0479468370919602e-05
franchise,2.0475217462030913e-05
year amas,2.0459336786918352e-05
__ù __ù,2.045628794757106e-05
you had,2.0418379463196583e-05
christmas,2.0416311653634915e-05
the great,2.0373434322133057e-05
to you,2.0319016234917697e-05
ffk,2.031549757540459e-05
you ve,2.0264567132601235e-05
out _ù,2.0231961210839615e-05
semester,2.0227442892756867e-05
"char_es,",2.020495307291908e-05
invited,2.0196619853385668e-05
pumpkin,2.019303334016983e-05
char_u.,2.0142111262683692e-05
and still,2.0068786628405214e-05
char_eee,2.0035483052511586e-05
nuts,1.998986328847702e-05
keep it,1.995650157883513e-05
if the,1.995114021039344e-05
friday,1.9896509072230917e-05
agree with,1.9857809181895568e-05
follower,1.9806587762466257e-05
via https,1.9744857061495395e-05
up some,1.972402562369454e-05
lives,1.97064801852721e-05
paper,1.970144581098474e-05
omg,1.9693877636703423e-05
download,1.9657191352622327e-05
monster,1.964027813846146e-05
dream,1.9614808585705315e-05
remember,1.955740411636644e-05
has been,1.9510503843635387e-05
bill,1.9503157118508765e-05
stop being,1.9451859808259808e-05
it the,1.939550266956174e-05
not to,1.9386496907744847e-05
used,1.937928267674254e-05
char_suc,1.9378921387087442e-05
really the,1.9377170207819438e-05
34 million,1.9347494535981887e-05
hills,1.9325224869660543e-05
imma,1.9322225935678382e-05
is my,1.9288858836472096e-05
annoying,1.9250473525939577e-05
wow,1.9243637264702334e-05
head,1.9238374171315166e-05
company,1.9235972479244235e-05
less,1.9233401139323974e-05
chicago,1.9181770990483006e-05
the rest,1.9163657771957263e-05
yo ass,1.9128363501302792e-05
stands,1.9102628905067287e-05
trans,1.9097512085937582e-05
doubt,1.9097296864614664e-05
char_wo ,1.907071758321863e-05
film,1.906801696938191e-05
with your,1.9013716247656727e-05
char_ 20,1.901147840723179e-05
and see,1.8998585416052643e-05
of them,1.899705902681911e-05
the hospital,1.8990797543570058e-05
snapchat,1.897531430432056e-05
â_ù https,1.896719823199073e-05
char_ rec,1.8963881858349085e-05
char_any ,1.8883751582946692e-05
out of,1.8852585406719582e-05
to drink,1.8851527534726585e-05
gone,1.8823265512945203e-05
perfect,1.8805861867717003e-05
_ùõ _ù,1.8798085422243794e-05
help,1.8785151679016238e-05
married,1.8773104124737066e-05
have the,1.873310667872126e-05
"char_.""",1.8694622315369678e-05
recently,1.8658614172442508e-05
checked by,1.864879826181344e-05
time to,1.863593514416509e-05
off to,1.8630375022669036e-05
at least,1.8607681764153873e-05
father,1.857438592546341e-05
apparently,1.855488657498984e-05
two,1.8545849725271062e-05
house,1.8518892549847255e-05
all my,1.8505442111302676e-05
mess,1.848450352552827e-05
told the,1.8480464719100816e-05
white,1.8473739758146935e-05
the fuck,1.846774857776866e-05
cut,1.8453956714695704e-05
answers,1.8398094394789984e-05
wrong,1.8392730035630346e-05
and love,1.838415506035108e-05
hell,1.8365347076899204e-05
is so,1.836069942583102e-05
wasn,1.8333684000187326e-05
to watch,1.8298579894471424e-05
and over,1.8294730994907554e-05
forgot,1.826719869428676e-05
take my,1.826303780948187e-05
day _ù,1.8234686348184326e-05
fair,1.8232344086717067e-05
myself,1.8208992563411042e-05
motion,1.8168715073766875e-05
my time,1.8162259278855317e-05
love that,1.811782676938895e-05
age and,1.806585732915131e-05
hotel,1.8056672272003085e-05
witness,1.7964085475122415e-05
fantastic,1.7932379154097926e-05
bullshit,1.7914327357709013e-05
it all,1.7856258248856104e-05
vibes,1.783127899929127e-05
you_ù,1.781380643082157e-05
per,1.781291004271759e-05
get to,1.7783716088826144e-05
ugh,1.7776548884375546e-05
basketball,1.7743029547911616e-05
halloween is,1.7725799476146703e-05
account,1.7712232151627253e-05
the night,1.770711075698677e-05
the next,1.770090123792058e-05
not my,1.7682075817867336e-05
season of,1.766118415051271e-05
have arrived,1.7657096395684726e-05
there is,1.765114281468141e-05
if that,1.7634892088361946e-05
off _ù,1.763268531502749e-05
out on,1.7624837714244143e-05
where you,1.7620467820682082e-05
the air,1.7614743912659986e-05
the last,1.7585796665520237e-05
oh my,1.7565390954771356e-05
pull,1.753664446387839e-05
may,1.7501435708763466e-05
and we,1.747331623129353e-05
hi harry_styles,1.7472190076749812e-05
just voted,1.743235096423652e-05
tweet,1.7425831276629427e-05
running,1.7389698974207658e-05
latin,1.7386723863226537e-05
_ùõã_ùõü,1.7361881838775557e-05
did and,1.734506215192772e-05
get me,1.733641804180388e-05
it off,1.733619858891555e-05
president,1.7333283604520597e-05
fire,1.7332216778552224e-05
fight,1.7295231855302206e-05
but the,1.7211761678040672e-05
automatically checked,1.7176950161064973e-05
winter,1.715323669031899e-05
is here,1.7146658387191914e-05
chill,1.7130251797800303e-05
new follower,1.7125400055173138e-05
worst,1.7096816365091057e-05
are not,1.706770679221748e-05
lying,1.6998122179142982e-05
full,1.698132864735944e-05
was amazing,1.6973866791042935e-05
the truth,1.6970469755471604e-05
reason,1.689559678019927e-05
would be,1.6890505970503284e-05
my own,1.6889615635934386e-05
finally,1.6882618761651e-05
app,1.6851965064252167e-05
bitch,1.6846632194350812e-05
dropping,1.6843965122530954e-05
there isn,1.6817282026497403e-05
drink,1.6813447785802124e-05
goes,1.6806127320744396e-05
char_acc,1.6801273784695955e-05
still can,1.677140962043729e-05
meet,1.6770384864139747e-05
tweets,1.6766662142270763e-05
relationship,1.6755138555650417e-05
you very,1.675035133764486e-05
wall,1.674077626718228e-05
times,1.672959621355881e-05
how the,1.6700872921139312e-05
square,1.6684238654771812e-05
instead,1.6647898735069518e-05
hacking,1.6641768219751165e-05
being in,1.6590899975404027e-05
you could,1.6584896571750594e-05
candles,1.658153137662324e-05
bright side,1.6552243842621567e-05
and couldn,1.654562841007117e-05
allow,1.6518156535085804e-05
ever seen,1.6485934599378075e-05
watch the,1.645309350192998e-05
moves,1.6438589048680588e-05
asking for,1.643848069782474e-05
focus,1.6434052742149778e-05
char_ dis,1.642681953604665e-05
ûªt have,1.6388029742573296e-05
wales,1.6376531930719656e-05
puts,1.6371752219654044e-05
gt gt,1.63710041838377e-05
wake,1.6356006634671884e-05
playlist https,1.632983835759644e-05
movie,1.6278171214017274e-05
on and,1.626267028868085e-05
my head,1.6257817888594688e-05
favorite amas,1.6247206194147496e-05
vital,1.6239121718199245e-05
grand,1.621866339221369e-05
why are,1.62102485176407e-05
step,1.618798060436956e-05
char_ermo,1.617499552154039e-05
pick,1.617169765371238e-05
album and,1.6169464250943858e-05
said to,1.6144977713245753e-05
30,1.6089867862510577e-05
record,1.608093132272452e-05
char_rati,1.6066247983351564e-05
able,1.60622429946747e-05
justinbieber,1.602693464602437e-05
based,1.6019575563771435e-05
ross,1.601376104960481e-05
to move,1.600115863606488e-05
and loved,1.598714644086916e-05
fall in,1.597536849090544e-05
repost,1.5970343857619466e-05
run,1.5954147985786474e-05
they don,1.5952224212517377e-05
they are,1.5926843039654795e-05
dope,1.5923429781600973e-05
album,1.5901427963186484e-05
they go,1.5899276703677754e-05
and don,1.588528920311357e-05
get over,1.5847826004261174e-05
hi princess,1.5832479074390883e-05
me https,1.581827820311041e-05
mood,1.5799423673273214e-05
gym,1.579863346675516e-05
learn the,1.579340621161085e-05
miss my,1.577943908145393e-05
åê,1.577206576857699e-05
review,1.5765804980173545e-05
have you,1.5749541769789103e-05
for being,1.5745617191151264e-05
taken,1.5727800372401087e-05
ill,1.5718704837514675e-05
following,1.5717416118244407e-05
and your,1.569655492841113e-05
catch,1.567581057931514e-05
need you,1.565220613633043e-05
animal,1.563821690690872e-05
rock,1.5632762722884555e-05
all day,1.5588806740747875e-05
whats the,1.5540516058057395e-05
can still,1.5525534210291642e-05
drive,1.547768031082808e-05
feels,1.54370428202011e-05
the struggle,1.541948849848785e-05
ones who,1.541937008939485e-05
char_eek ,1.539506726992889e-05
my new,1.5372348857572144e-05
bank,1.5368947725325036e-05
and said,1.534756876166e-05
the show,1.5345215192778506e-05
those who,1.5344986808072306e-05
char_ligh,1.5324400015300954e-05
once,1.5323321160261568e-05
see the,1.53221986871303e-05
knew what,1.532076110761927e-05
dude,1.5292444532500252e-05
the funniest,1.5288813915820507e-05
part of,1.5251756072254699e-05
see it,1.5248959669603372e-05
up for,1.5246357843513525e-05
listen to,1.5246337418657215e-05
must be,1.5245048869091862e-05
game and,1.524070712003616e-05
was your,1.5212214232935275e-05
red,1.5187109735197324e-05
follow my,1.5186984884754423e-05
twice,1.518230845525576e-05
charlie,1.5152896827145597e-05
despite,1.5151876562136898e-05
all your,1.513515224659735e-05
this week,1.512017976680021e-05
no one,1.5115505915130486e-05
the face,1.5055503326362887e-05
parking,1.5045688399211859e-05
facebook,1.4989192568605454e-05
tell you,1.4978125524305268e-05
home and,1.4975377860956905e-05
you too,1.4955772630047543e-05
just saw,1.4948647632676789e-05
they still,1.4945307552530679e-05
won,1.4924029765667085e-05
the road,1.4921577621797586e-05
needs,1.4900317174812867e-05
by the,1.486431664269304e-05
even know,1.4851657942812117e-05
aye,1.484063364509285e-05
dr,1.4838331263433845e-05
em,1.4837311462722094e-05
basically,1.483023427967258e-05
rage,1.4818730743985751e-05
food,1.4814021716714299e-05
ice,1.4811554035641659e-05
out the,1.4810460134744604e-05
change,1.4803551120107235e-05
take,1.4798407961481342e-05
disgusting,1.4793213931609519e-05
netflix and,1.4774087384998886e-05
strong,1.474620706197957e-05
mall,1.4719763552810503e-05
char_ona,1.4716626694351e-05
in bed,1.471477058029122e-05
complete,1.4712784611086077e-05
taylor,1.470829318340552e-05
gotta,1.4693625813729298e-05
that would,1.4692797268503066e-05
liked,1.4662653725767683e-05
none,1.4662448949833064e-05
char_ens ,1.461888663445278e-05
what kind,1.4601445951542722e-05
thomas,1.4589844918533972e-05
the situation,1.4580236193179323e-05
if your,1.4576883111843302e-05
of his,1.4576071954559145e-05
bow,1.4565281485024707e-05
the person,1.4553458197635815e-05
exactly,1.4551307262812074e-05
best of,1.4550916977823984e-05
fight the,1.4548303350621536e-05
and in,1.4546341551075386e-05
the only,1.454013508350767e-05
dv high,1.4529935903912874e-05
what is,1.4524677431273089e-05
start,1.4492838750272742e-05
last day,1.449059364589996e-05
and think,1.44786003784279e-05
plans,1.4468493614108583e-05
til,1.4462854235969914e-05
smoke,1.445453496937157e-05
wednesday,1.4402948077536647e-05
second,1.4400280796779642e-05
seeing the,1.437004651432079e-05
deserve all,1.4356784220789936e-05
3mp,1.4350814345367742e-05
caught,1.4332093354296886e-05
fulani,1.4331022794525425e-05
maybe should,1.4329613007403156e-05
im gonna,1.4325376769186965e-05
evidence,1.432056118195208e-05
world is,1.426327915066859e-05
min,1.4239544774227477e-05
forward,1.4223603713159143e-05
32,1.4217537099367255e-05
letting,1.4196609700316673e-05
digital,1.4189796610468334e-05
space you,1.4183487291117557e-05
brought,1.4168936694170754e-05
easy,1.4162353178960293e-05
afternoon,1.4161938519973577e-05
love your,1.4158855884858096e-05
reports,1.4158074880913553e-05
not like,1.4141403284517874e-05
be strong,1.4138536698061521e-05
daniel,1.4101755646937735e-05
try and,1.4095731816702762e-05
clear,1.4095322595371456e-05
life and,1.4086174475152398e-05
fast,1.408267428142144e-05
and his,1.406790396916088e-05
the chance,1.4052167530224513e-05
message,1.4039263853723511e-05
in love,1.401910692753403e-05
something in,1.400068446268707e-05
prizes,1.3996495117172887e-05
tried,1.3967179489260857e-05
ûª,1.3937031653006283e-05
wedding,1.3930341707124888e-05
episode,1.3894806474116324e-05
service,1.3883199804463353e-05
so that,1.3848558106123782e-05
desk,1.3794776953392077e-05
other side,1.3791265367457343e-05
me feel,1.378855354516273e-05
challenge,1.3773167356679393e-05
know what,1.3769238644213843e-05
pack,1.3766326113795988e-05
spent the,1.3754997842174281e-05
char_pus,1.3744293417145396e-05
and would,1.3723975649961631e-05
how to,1.3705355964073085e-05
subscription,1.3702871845715846e-05
signs,1.367207726278947e-05
and what,1.3651067132843947e-05
wife,1.362871446250396e-05
crazy,1.3628528397746567e-05
awesome lottie,1.3609455373866361e-05
history,1.3576268034036559e-05
will get,1.3560426273559183e-05
selling,1.3552886196700366e-05
usually,1.3546558448107367e-05
crunching,1.3546433055028219e-05
austin,1.3531288463307828e-05
everyday,1.3527559578745035e-05
playlist,1.3518478860953731e-05
enough to,1.3507845035499076e-05
at it,1.3502490856181985e-05
how can,1.3476055633670086e-05
the opposite,1.3474692981411761e-05
giving,1.347191513475714e-05
commit,1.346831792063994e-05
young,1.3467773595045405e-05
take it,1.3456100327807927e-05
be with,1.3448652421741195e-05
hint,1.3447886750102929e-05
proper,1.3439474299213978e-05
get your,1.3423109492723448e-05
wait for,1.3420943654988662e-05
pay for,1.3414193607290121e-05
my phone,1.3380272639658629e-05
the picture,1.3378318793172165e-05
and out,1.3365965521105157e-05
call,1.3353109605544268e-05
what if,1.3345610476329529e-05
is really,1.3339249754055513e-05
some of,1.3335225730899278e-05
quote,1.332555160664392e-05
get food,1.3321132646084532e-05
go out,1.3318172885585309e-05
many,1.3303263894056106e-05
to open,1.3297949267815391e-05
moving,1.32940217574689e-05
ride,1.328717194889811e-05
interesting,1.3285099478467619e-05
got her,1.3278996859039235e-05
projects,1.3262683210934058e-05
wants to,1.325271746638781e-05
smell,1.3252413016434998e-05
is just,1.32489822852519e-05
fact,1.3246189240296519e-05
calls,1.3229037934187556e-05
two of,1.3203616856443524e-05
and no,1.3198852905702907e-05
tomorrow,1.3159371101529103e-05
art and,1.3134529147187123e-05
tbh,1.3126926089868851e-05
well and,1.31255728957079e-05
dear,1.3120970708130055e-05
annoying and,1.3113076950095731e-05
21,1.3107828653340205e-05
pieces of,1.3104611263893994e-05
and let,1.3098311726246537e-05
teach,1.3071359475421056e-05
bae,1.3048599438974645e-05
nearly,1.3043076573664434e-05
enjoyed,1.3019985579804118e-05
ö_ù ö_ù,1.3011851598286241e-05
but if,1.300264550205964e-05
then the,1.2989165067872428e-05
it been,1.2981923166086544e-05
you miss,1.296390311786064e-05
the special,1.2944279087402694e-05
cold,1.2939262661130148e-05
xx,1.29207210663719e-05
glad,1.291886331304129e-05
nobody,1.290957595884179e-05
it would,1.2906191866109407e-05
to just,1.286647074500385e-05
means,1.2849681081886363e-05
morning,1.2847841790465962e-05
totally,1.2829228828368e-05
about how,1.2821308862041303e-05
freedom,1.2812945589896882e-05
the post,1.2792369741060757e-05
the real,1.2791106161828135e-05
movies,1.2776089780898103e-05
situation,1.2748115595541666e-05
is in,1.2723268880922459e-05
me at,1.2720218094358564e-05
engage with,1.2701457664457932e-05
mikey,1.2694771454106442e-05
ears,1.2694697329323693e-05
just to,1.2692060285062527e-05
the wrong,1.2690102357109673e-05
it just,1.266185156822404e-05
bling,1.2636897082642151e-05
top,1.2617657177536212e-05
major,1.2608705444341735e-05
notes,1.260238505438321e-05
room,1.2596510627585411e-05
copy,1.2594565443028129e-05
be so,1.258911445007332e-05
eyes,1.2588904850755067e-05
smile and,1.2564525222767261e-05
you my,1.256233820152992e-05
wish,1.2550565822667869e-05
side,1.2527661133998343e-05
you deserve,1.2514875613375874e-05
the hell,1.2510790696428876e-05
happens,1.2484157296590632e-05
_ùõª,1.247637273143831e-05
the baby,1.2462694841488714e-05
cards,1.2461401416505824e-05
put the,1.2460525305056155e-05
india,1.2435682909773112e-05
broke and,1.2434346503445223e-05
most of,1.2421513600717886e-05
wearing,1.2412605451864438e-05
give the,1.2394495190116963e-05
more like,1.2379802534540235e-05
if they,1.2361622526235469e-05
the shit,1.2347918618100594e-05
fun,1.2337026180630476e-05
earned,1.2327962927821536e-05
else,1.2321993011258107e-05
killer,1.2317238114638752e-05
classes,1.2317039961649589e-05
to talk,1.2287620585203939e-05
wash,1.2285885330849147e-05
wtf,1.2282039050954755e-05
during,1.2279049773303802e-05
to come,1.227854117277071e-05
the end,1.2273498632461287e-05
just got,1.2255239866629304e-05
na,1.2234898171173764e-05
bag,1.2231556602892535e-05
but it,1.2227806666199433e-05
to listen,1.2225506306027584e-05
16,1.2223671252947686e-05
felt,1.222092844839039e-05
king,1.2219539546356809e-05
my bed,1.2216016790814434e-05
drag,1.2212482410349773e-05
rest of,1.2191018051208085e-05
of what,1.2169218519434582e-05
id,1.2165358092457038e-05
complain,1.2163552818097411e-05
plays,1.2162546330456769e-05
where are,1.214618176784118e-05
so beautiful,1.2126446040328635e-05
tumblr,1.2123100560213315e-05
it not,1.2120612383469887e-05
to turn,1.2116497870662424e-05
mentions,1.2110020501989506e-05
it wasn,1.2089060313599776e-05
finish,1.2065072243274914e-05
sound,1.206134045008834e-05
struggle,1.2051195842318308e-05
has the,1.2048297520715057e-05
out to,1.2033464287045624e-05
whyimnotvotingforhillary,1.2030957250744708e-05
the bright,1.2020203136917064e-05
it in,1.2019424135472785e-05
just found,1.201789900753376e-05
child,1.2017318283962768e-05
reminds me,1.201049110170509e-05
series,1.2008312062623688e-05
matter,1.1994428362365321e-05
sexual,1.1991282990906271e-05
truth,1.1978261342183144e-05
because it,1.1974437579475358e-05
questioning,1.1973280658613373e-05
_ùªî_ù,1.1972269202309563e-05
and hungry,1.1968011872912334e-05
offer,1.196800136626153e-05
join the,1.1966989401930063e-05
that tweet,1.19534628981193e-05
me 30,1.1950103313216898e-05
he had,1.1948738268725692e-05
possible,1.1948060849661676e-05
do so,1.1932097405380882e-05
dog and,1.1926114687828234e-05
all this,1.192248074752942e-05
gotten,1.1893956477542437e-05
and leave,1.1888430383932198e-05
on instagram,1.1830750465029411e-05
no unfollowers,1.1824494391231591e-05
the moon,1.179133202428836e-05
workers,1.1783411125268627e-05
the mall,1.1774730741406002e-05
be my,1.1762268090641743e-05
action,1.1761239611376435e-05
now https,1.175227023484562e-05
marketing,1.1751730138569081e-05
boyfriend,1.1745707217270135e-05
down for,1.1744207608854226e-05
the man,1.1733115156696552e-05
ok but,1.1730926154981889e-05
ll have,1.1726277545554896e-05
kids and,1.17152415152568e-05
cage,1.1704440543201015e-05
really want,1.1671931811107231e-05
my parents,1.1660444129432163e-05
operator,1.1657256197728538e-05
light,1.1632293471458921e-05
short,1.1628734104495884e-05
trust,1.1624229926348493e-05
neck,1.1614706769339669e-05
spend,1.1613319985428822e-05
and https,1.1580053803471397e-05
me want,1.1574508872607981e-05
popcorn,1.1570920437523293e-05
was at,1.1565085360392315e-05
chocolate,1.1563969501266698e-05
after the,1.1552020891909644e-05
friend,1.1544547039798703e-05
for no,1.1544242659152442e-05
tells,1.1543492089401077e-05
greg,1.154112041195649e-05
god,1.1533451545213726e-05
ve got,1.1516688295383072e-05
idc,1.149825286334123e-05
let me,1.1480483675679869e-05
only one,1.1469336496816393e-05
blessed,1.1465811087096928e-05
netflix,1.146401785417569e-05
ve been,1.1462217972064412e-05
page,1.1460992912718506e-05
so you,1.145160541059839e-05
link to,1.1445005337075557e-05
falling,1.1432238330812466e-05
home from,1.1431026488600992e-05
go and,1.1408231062097835e-05
try it,1.1394358503785443e-05
walks,1.1390063182167778e-05
birthday and,1.1365318822770351e-05
candy corn,1.13511380782423e-05
past week,1.1348206573289306e-05
best thing,1.1315879481303579e-05
weirdest,1.131441964726345e-05
it out,1.1267666964867239e-05
don want,1.126697561554662e-05
james bond,1.1230247002151487e-05
vs,1.1214261137266038e-05
my love,1.1204115963161101e-05
è_ù,1.1196355927847192e-05
monday,1.1187246751410652e-05
bar,1.117586635499742e-05
other people,1.1173312638693134e-05
slow,1.1156644159074688e-05
baby,1.1127348038498007e-05
friendly,1.1105503180763701e-05
off and,1.109658993016459e-05
care,1.1068391126849346e-05
in _ù,1.1048775185944838e-05
needs to,1.104371594625947e-05
fa,1.1018573922973667e-05
public,1.1013650377637013e-05
one for,1.1012109253858843e-05
featured,1.0998916495228573e-05
bottom,1.0997048162669736e-05
mother,1.0993048003609923e-05
nature,1.09803520978684e-05
hill,1.0978501362139224e-05
calling,1.097634096999537e-05
industry,1.0958673423562127e-05
of getting,1.095832710308253e-05
spectre,1.094772200437038e-05
vegan,1.0938229951149264e-05
know you,1.0933810165908222e-05
tomorrow growing,1.0928332456630096e-05
one way,1.089440671239846e-05
beautiful,1.0891239515124632e-05
holiday,1.0891112014254136e-05
that are,1.088538026443363e-05
the office,1.0882295443712447e-05
send,1.088036176574663e-05
turn,1.0868136272838952e-05
_ùô _ùô,1.0859382664244437e-05
get my,1.0857863772794631e-05
tonight _ù,1.0856828064863897e-05
birthday is,1.0851737458468972e-05
to cut,1.0848918741956694e-05
know we,1.0840690025040432e-05
congratulations,1.083717084543496e-05
bin,1.083685569784782e-05
me go,1.0827824719970567e-05
char_oft,1.0827186563530905e-05
line,1.0823060172099187e-05
ä_ù,1.081897923158355e-05
looking forward,1.0806459217767187e-05
can say,1.0806246788875308e-05
the game,1.0806204913104554e-05
do is,1.0803769753559514e-05
the reasons,1.0802976660629906e-05
year old,1.0797212183640155e-05
dog,1.0794042625208163e-05
come true,1.0783404179046766e-05
spent,1.0759539281332548e-05
some more,1.075577966636989e-05
had the,1.0749101018361702e-05
if it,1.0746378109152656e-05
held,1.0745164458598252e-05
fantasy,1.071702617701682e-05
glasses,1.0705091844039849e-05
family is,1.0703299271902875e-05
mj,1.0703049532478727e-05
leave me,1.0694997524015276e-05
boys in,1.0694608071031315e-05
experience,1.0686975768508085e-05
sleep,1.0672375450110431e-05
ready,1.0662262653080402e-05
and miss,1.0660632099886836e-05
you see,1.0658504244257635e-05
gift,1.064624482258662e-05
hours and,1.064207208950495e-05
stuff https,1.0637774983802468e-05
the old,1.0606125471684739e-05
hold,1.0605941282198071e-05
days and,1.0598816539683464e-05
only monday,1.0596978146800908e-05
photos,1.0588988431490539e-05
to pick,1.058358794048304e-05
exhausted,1.0577172505802996e-05
just for,1.0574406360521866e-05
to hold,1.0552154178135587e-05
rare,1.053182828558015e-05
weekend,1.0518575789502134e-05
against,1.0506799700172069e-05
gig,1.0489481624118778e-05
up the,1.0485253143715244e-05
the library,1.0475929955471057e-05
cool,1.0470284583997274e-05
get it,1.0462715990050418e-05
computer,1.0462427689017268e-05
through,1.0424820016149876e-05
was gonna,1.0422979876888823e-05
lmfao,1.0393169538875694e-05
star wars,1.0386100201657329e-05
the cuts,1.0352232681821105e-05
fly,1.0346797296449538e-05
so happy,1.0339263075187862e-05
truly,1.033866568517825e-05
tax credits,1.0327780786282984e-05
realize,1.032633636487097e-05
to some,1.0315018498300368e-05
_ùõ_,1.0303529119279313e-05
up with,1.0300787399755596e-05
stream,1.0291764910536024e-05
to sleep,1.0281688071288005e-05
oh no,1.0278958884602334e-05
get any,1.0272451442735954e-05
accounts,1.025216345717185e-05
the dumbest,1.0239707129074847e-05
there was,1.0223363850448936e-05
day and,1.0218517252442517e-05
reality,1.0215893091152498e-05
lucky,1.0215199232854842e-05
and hear,1.0212789308925779e-05
lesson,1.0189763553981974e-05
sits,1.0185626369411421e-05
the heroine,1.0182037800365697e-05
crap,1.0177470338944025e-05
believe,1.0176942250927287e-05
so sick,1.0166679815703165e-05
á_ù,1.016301868256459e-05
military,1.0158605385519412e-05
schools,1.0156927435495562e-05
called rare,1.01521616950715e-05
photo the,1.0148159301603758e-05
that be,1.01238839743426e-05
south,1.012035400145842e-05
laughter,1.0117079049825418e-05
looks at,1.0102489163762502e-05
this world,1.0079077064268884e-05
shoot,1.0072023199329532e-05
ima,1.006711627716281e-05
here for,1.0056513977642336e-05
says,1.0049950699914558e-05
great day,1.0041139588275206e-05
you have,1.0031189410005109e-05
so what,1.0027602051050829e-05
grandma,1.0026355441918915e-05
convinced,1.0011677848638788e-05
am the,1.0005161143856109e-05
fails to,1.0001904238188452e-05
well it,1.0000184625810653e-05
becomes,9.998510194196372e-06
them to,9.993708173718035e-06
questions,9.991923581390792e-06
problems,9.986956629006979e-06
the kids,9.982021465372274e-06
chance to,9.976511057709356e-06
dead,9.972415352477596e-06
far,9.970678986262786e-06
out all,9.967261357110404e-06
exams,9.963637189137185e-06
meal,9.962792859840048e-06
johnny,9.962180691047869e-06
essay,9.950470228957907e-06
straight,9.950243112272133e-06
were the,9.947624103414143e-06
everytime,9.945064553411477e-06
adonissuperman,9.929203405669037e-06
find out,9.92078961407796e-06
hillary,9.914967129564252e-06
my day,9.911163239256946e-06
ray,9.910311441891457e-06
can make,9.908031283746702e-06
lasts,9.90761787655902e-06
you must,9.899022192595629e-06
realize that,9.898184956015338e-06
water,9.891890549275955e-06
potus,9.887065283103986e-06
how you,9.885357948454154e-06
think that,9.879475353963357e-06
house of,9.874641618356604e-06
you gonna,9.868067209587933e-06
vote to,9.866913599024063e-06
is based,9.866842189946488e-06
lousy,9.865962306398706e-06
in life,9.859523396981165e-06
drake,9.84871167118453e-06
thewalkingdead,9.838021102118008e-06
char_ra ,9.833211087988644e-06
good luck,9.824504037567417e-06
and having,9.81527102932002e-06
turn up,9.810527228615974e-06
cause cancer,9.80820829389523e-06
shade,9.804329972029641e-06
for all,9.804218026615218e-06
reaction,9.802659576120103e-06
the scene,9.793486648394257e-06
the halloween,9.790802473443906e-06
what it,9.79045526666753e-06
long time,9.785906361293542e-06
when it,9.781519540115736e-06
to our,9.77337562631345e-06
instant,9.772448523570744e-06
fan,9.769772928338914e-06
wen,9.768184357510784e-06
product,9.746030715654712e-06
it for,9.745432596251002e-06
blog,9.742758142167268e-06
engage,9.739111801497764e-06
center,9.739070464348563e-06
bath,9.730544617536866e-06
amazing and,9.726007260345367e-06
text,9.713155768975894e-06
syria,9.71011652391399e-06
they said,9.69722135780797e-06
it at,9.677041191239361e-06
pics,9.671203987992062e-06
was on,9.658957138009207e-06
to it,9.652046853234854e-06
knowledge,9.642133664712345e-06
don believe,9.640874260317355e-06
voted for,9.624959364089028e-06
20 minutes,9.607823124860315e-06
going to,9.600459429209342e-06
are they,9.595999488842848e-06
series the,9.588214133227745e-06
apartment,9.580094587811299e-06
character,9.567917739515418e-06
mentally,9.563858382673133e-06
and too,9.56072827984822e-06
for that,9.552901402220296e-06
tea,9.549894563232781e-06
my twitter,9.543858071728607e-06
the case,9.539550968221059e-06
selfless,9.530962304408654e-06
was my,9.52516311258249e-06
can do,9.518958552403506e-06
crisis,9.498377202099936e-06
cut the,9.485987964692036e-06
the follow,9.452636730354865e-06
when ur,9.44986459595971e-06
american,9.44980248911972e-06
seeing,9.442138185498333e-06
minutes,9.434727556618994e-06
let the,9.433528704334123e-06
the family,9.432840387195972e-06
so why,9.405829967329481e-06
are making,9.401132539728564e-06
me on,9.398634252205696e-06
wedding photobombs,9.397866945884122e-06
be like,9.392700528214482e-06
error,9.388377459094287e-06
set,9.382733244177485e-06
down in,9.382060919030479e-06
it but,9.37008690305907e-06
it back,9.364353983260735e-06
me lol,9.361761899823111e-06
expect,9.34789321030234e-06
was not,9.321749735070108e-06
char_mpl,9.31671150143446e-06
role,9.310525538068977e-06
halloween costume,9.309248512027648e-06
show me,9.302231013528875e-06
pay,9.301815310390882e-06
this shit,9.291109765058523e-06
harry,9.27604986767269e-06
the people,9.27271285572169e-06
harry_styles love,9.26689109295728e-06
for life,9.264882917289129e-06
lights,9.262791797211526e-06
don see,9.26205165994283e-06
goal,9.253930041113041e-06
makes me,9.24494441824549e-06
this time,9.244160270506375e-06
actual,9.239794691357703e-06
latest,9.238007665225153e-06
do we,9.236899632395871e-06
shoutout to,9.23297403018675e-06
upon,9.225600558684933e-06
my desk,9.222134606008273e-06
whatever,9.21916026034567e-06
much and,9.196212219111213e-06
feeling ever,9.190025862488503e-06
awards,9.188171189673738e-06
her name,9.182314835317375e-06
can hear,9.164303666033226e-06
sooner,9.15562223819972e-06
so good,9.129059467343258e-06
shut up,9.117778424524816e-06
so the,9.117562185476836e-06
the rain,9.116029010521221e-06
thought,9.111709142791426e-06
have it,9.105358399485933e-06
hes,9.104431782555697e-06
government,9.099380391937735e-06
to delay,9.099241775662886e-06
stats via,9.099154641587359e-06
games,9.092491055884132e-06
are so,9.080986594270303e-06
tories,9.08008964578322e-06
meat,9.078504600065244e-06
ready for,9.078462519784345e-06
it so,9.075600002959323e-06
fuck with,9.073716242212356e-06
anything,9.07275325687113e-06
that could,9.06920231019178e-06
simple,9.060635781530705e-06
months,9.023836408216092e-06
death of,9.023818738452559e-06
it real,9.020415395773348e-06
angels,9.018381302354478e-06
ball,9.011289659503806e-06
benefits,9.001450424843293e-06
you still,9.000672890620689e-06
happy bday,9.000184718455435e-06
day on,8.999901023031935e-06
listened to,8.99969613967565e-06
you so,8.988841036976774e-06
make you,8.988245664615665e-06
people and,8.983754035002886e-06
now the,8.977506069037674e-06
late,8.972627379087307e-06
everywhere,8.963468176496217e-06
is all,8.952877682628132e-06
dirt,8.946243494397382e-06
no idea,8.943997797600707e-06
my god,8.938792267240795e-06
_ù é_ù,8.93753538675531e-06
better than,8.930125192033744e-06
liquor,8.919467681880353e-06
though,8.917438973950088e-06
the more,8.912438546330944e-06
before you,8.910911811689296e-06
genius,8.902008470567757e-06
whichever,8.897412929916177e-06
4am,8.897048082879383e-06
rather,8.879052262053091e-06
if she,8.870512588905366e-06
trip to,8.865241764917506e-06
capital,8.863350182318145e-06
chat,8.862986205790317e-06
are going,8.849921057287354e-06
want it,8.847896390730852e-06
up https,8.845260293902673e-06
bull,8.843912848152177e-06
used to,8.839066111238072e-06
much of,8.832684073215985e-06
char_iew,8.820615681972747e-06
the ground,8.813346565170998e-06
humble would,8.813239837550817e-06
interview,8.797179681459638e-06
hate when,8.78780840907527e-06
wears,8.787393017857756e-06
coat,8.780599911176019e-06
just been,8.770488150234535e-06
told me,8.756083890808356e-06
profile,8.753589206810198e-06
get out,8.74781367852336e-06
you should,8.746633128334958e-06
vintage,8.74078412033427e-06
function,8.740007115038306e-06
you just,8.73916384527326e-06
may not,8.722446121105026e-06
when to,8.719902149368588e-06
came out,8.717852294411482e-06
is it,8.706648677237494e-06
husband,8.701134415594095e-06
did not,8.694580824266274e-06
taxcredits,8.687506131395536e-06
tied,8.68319370751502e-06
the week,8.653073070470903e-06
purple,8.650300485651281e-06
the market,8.650126747572467e-06
credits,8.647390710924337e-06
mt,8.635868643329611e-06
and white,8.634670199382101e-06
every time,8.634586107562112e-06
bridge,8.623746480527486e-06
comes to,8.622923927504311e-06
white and,8.620215526105549e-06
joke,8.617817138061882e-06
takes me,8.617022269056042e-06
bite,8.615147792110196e-06
amazon,8.609467680928215e-06
that made,8.605062285185085e-06
are out,8.590082074067802e-06
men and,8.577727013037712e-06
funniest,8.577666802194331e-06
rafa,8.559759711146735e-06
looked,8.557736900352834e-06
wonder why,8.557521415646367e-06
us all,8.556789913228095e-06
allowed,8.553346587946932e-06
my mom,8.548677861870254e-06
helped,8.534902181368334e-06
find the,8.528049003159226e-06
holy,8.525275234986892e-06
super quality,8.515849806407356e-06
listening to,8.514868157572233e-06
sun,8.504264268679245e-06
hurt,8.499656434223526e-06
too many,8.497863184491673e-06
olympics,8.491737246277955e-06
katie,8.477121503153445e-06
kill,8.475366398069162e-06
cross,8.46428401117098e-06
joy,8.456184107476092e-06
mail,8.446164686214047e-06
goin,8.443087952434808e-06
robin,8.438947946110123e-06
the band,8.427878840263403e-06
the class,8.424290986668542e-06
knew,8.42007212097455e-06
defend,8.412730135157846e-06
muslim,8.405875640397463e-06
tap,8.396309151210591e-06
all time,8.394005011141156e-06
feeling,8.390045227079114e-06
button,8.377833828750468e-06
trip,8.367140894675673e-06
at them,8.366118465765722e-06
femi fani,8.36277821406828e-06
the problem,8.349945233912276e-06
thats,8.348203347180635e-06
and play,8.333081602415905e-06
for sharing,8.330772749855512e-06
george,8.326297782264544e-06
be more,8.324636812463762e-06
re going,8.324617009019879e-06
tampons,8.323393900215581e-06
cam,8.323224467173063e-06
to bring,8.322932900119562e-06
is annoying,8.31759024123329e-06
hours,8.316982486278731e-06
check,8.310552530626306e-06
tweet and,8.303007203058252e-06
char_ nic,8.301627408836064e-06
at school,8.29821934874471e-06
good things,8.278858200433396e-06
missing my,8.277417563895569e-06
low,8.27314001092784e-06
crunching for,8.268643337560378e-06
who the,8.26752274209803e-06
under the,8.266567075334497e-06
and other,8.260677515322806e-06
and make,8.259332068378842e-06
can get,8.258025061720056e-06
upset,8.257209633409104e-06
access,8.241410185754718e-06
move to,8.238740575973833e-06
working,8.231958862925354e-06
didn even,8.227108688467029e-06
create,8.224318514705064e-06
supporting,8.22418308398556e-06
wanna talk,8.215831455760362e-06
telling,8.205127882796097e-06
packed,8.20261723098228e-06
europe,8.2013443580533e-06
my house,8.200676711301444e-06
her dream,8.197107822367962e-06
you were,8.194472161468194e-06
gonna be,8.188854755891834e-06
you did,8.182229898955527e-06
go back,8.173156870371468e-06
to meet,8.169465939456022e-06
let hope,8.16608473972909e-06
we ll,8.154627016446768e-06
tell me,8.149557606079953e-06
the arts,8.148254348155543e-06
why don,8.123332339516924e-06
you all,8.122587994836112e-06
november 1st,8.12003252541296e-06
been at,8.117673369046946e-06
with all,8.115633664745573e-06
leesqanda,8.114258995064199e-06
fav,8.109599397864623e-06
mother and,8.10642405243108e-06
nowhere,8.098581588574435e-06
who can,8.07790906111124e-06
happy and,8.077417664012148e-06
the title,8.070259822238549e-06
him to,8.069615591160038e-06
wine,8.06327197089413e-06
circle,8.044509435790376e-06
cash,8.037821512575102e-06
see this,8.03342695753119e-06
1st,8.02559639756371e-06
arts,8.01908380129762e-06
high school,8.017630179188647e-06
form,8.01697878109886e-06
pretty,8.013916918492792e-06
love it,7.997548381492286e-06
haircut,7.995250966381043e-06
char_rmo,7.994839848374056e-06
ll just,7.978435211779425e-06
like this,7.975987382574591e-06
over the,7.971369227982052e-06
hearing,7.946374109564331e-06
brad,7.935564172712651e-06
you use,7.929934681458695e-06
phone and,7.927411928007469e-06
drops,7.918631330611503e-06
with new,7.918159348122172e-06
off the,7.91586834151921e-06
to her,7.91320690632643e-06
be in,7.911873090556188e-06
don wanna,7.906237233124441e-06
it should,7.902972505418375e-06
the streets,7.900207456073552e-06
shopping,7.896749719972743e-06
answer,7.894840675535093e-06
housing,7.892553076109992e-06
admit,7.890299913696526e-06
statement,7.882101731208054e-06
nice and,7.878661302812054e-06
impossible,7.878403570156133e-06
and greet,7.876552540436155e-06
amp not,7.873995501442218e-06
one you,7.868472879781216e-06
way to,7.855779796786585e-06
called me,7.850816132004382e-06
my best,7.836343845599492e-06
daniel craig,7.83560824003835e-06
cops,7.832519994914243e-06
even more,7.832254459561688e-06
many times,7.816116038555715e-06
hats,7.802603603073608e-06
leader,7.788837146604837e-06
result,7.788349562629631e-06
always be,7.770226564325416e-06
and walk,7.768695786830474e-06
couch,7.758844322194534e-06
female,7.752722127551047e-06
alot,7.74243907466293e-06
day is,7.728788169678724e-06
praying,7.723911295552475e-06
he was,7.72006254972093e-06
over by,7.714461920678358e-06
old days,7.705448618265683e-06
in that,7.697771834496092e-06
despite lousy,7.697067640587554e-06
precious,7.691797427016005e-06
thing that,7.68649057343332e-06
sparksflylarry birthday,7.682915804869431e-06
afifest,7.66106936896981e-06
many people,7.653460041331799e-06
august,7.651835038338996e-06
disaster,7.650511375474958e-06
room and,7.640618023127456e-06
future,7.637405605785122e-06
when she,7.635678265775586e-06
just can,7.635125045975138e-06
break,7.631977947649495e-06
take you,7.629969548637844e-06
duo or,7.621888814519247e-06
skin,7.616462920995538e-06
jesus,7.614376707615831e-06
live in,7.613812911357611e-06
birthday,7.611146001928426e-06
poor,7.610084505188086e-06
of your,7.59050838161672e-06
begin,7.586991263278446e-06
remember that,7.579775255806197e-06
hotline,7.5792303772086265e-06
psalm,7.570239630671757e-06
duty,7.569944131728714e-06
grade,7.565683942530615e-06
shame,7.565585901857438e-06
char_mme,7.564682555264663e-06
asap,7.554497006244951e-06
work on,7.553272368900899e-06
as well,7.551702850037558e-06
the word,7.537953103065513e-06
to deal,7.527321061350644e-06
it true,7.525404000300687e-06
the power,7.522705441707519e-06
fame,7.513212591578685e-06
streets,7.5103208580070685e-06
thinking of,7.509510171267218e-06
places,7.4957824638535135e-06
vid,7.488677620639657e-06
in and,7.487252157373763e-06
ate,7.4846556352082115e-06
and watching,7.482079321295289e-06
listening,7.479051178918715e-06
it too,7.462966317757065e-06
he doesn,7.462928550602427e-06
your beautiful,7.4622361440709095e-06
leg,7.460930157255314e-06
kind of,7.45687322664342e-06
tn,7.450748235480234e-06
was born,7.4477020007175524e-06
to start,7.445435184294851e-06
place,7.439422970316282e-06
now on,7.4378993026227714e-06
gender,7.430814894557028e-06
haha,7.430794041954639e-06
type,7.420327188567609e-06
later,7.413916606224151e-06
each,7.4051100421441644e-06
current,7.4028510629440974e-06
startup,7.396526062805557e-06
minute,7.3870421827473334e-06
tests,7.379481120151736e-06
famous,7.3768788134246114e-06
the top,7.360167331784261e-06
mum,7.351137334629834e-06
now that,7.336130456425914e-06
dance,7.336062069389288e-06
motion to,7.335960394159476e-06
the us,7.335808257383935e-06
kiss,7.328661985437731e-06
soon,7.313645735153968e-06
all but,7.310527975023805e-06
guard,7.310419721522572e-06
it that,7.307507954664821e-06
tru,7.306339756914011e-06
the club,7.298057554433501e-06
israel,7.29764967370692e-06
in there,7.288988686138617e-06
around the,7.287987697829579e-06
best in,7.275411284409202e-06
communication,7.2512951699365144e-06
on earth,7.250640043915374e-06
problem with,7.250500902855333e-06
day https,7.237078662804665e-06
missing,7.228317191238654e-06
the pool,7.223024781452639e-06
fm,7.219253103330371e-06
but can,7.203943693900593e-06
notebook,7.201734979580999e-06
wish was,7.195884880766944e-06
prayers,7.1924554031606045e-06
gt https,7.1878578779695645e-06
throwing,7.1806799431704555e-06
person for,7.1772979551569105e-06
to eat,7.173698061109816e-06
bond,7.171715015328906e-06
jeb,7.168501547987712e-06
bfbexh0efx and,7.167934300398422e-06
nails,7.167645643783399e-06
frank,7.154974904231376e-06
gonna get,7.149676223337454e-06
alive,7.146312815350133e-06
use my,7.142379799480778e-06
and ll,7.137708878257431e-06
on how,7.136469000975688e-06
term,7.133710623619567e-06
wheel,7.130261463222382e-06
stop the,7.127755358549504e-06
remind,7.1085563682559e-06
was an,7.101046928576688e-06
me automatically,7.096488268745855e-06
excuse,7.092709723796738e-06
kpop,7.089387195952604e-06
worry about,7.076178810398933e-06
missed,7.0744536969111495e-06
the company,7.065483577639108e-06
yes and,7.053107932036806e-06
ö_ù,7.049244356640302e-06
we should,7.043982022199273e-06
produce,7.042047879932269e-06
when will,7.037261361248881e-06
acting like,7.029594866682875e-06
to join,7.025987872039211e-06
possibly,7.022141697314334e-06
rates,7.0210999057478144e-06
was thinking,7.015272220023405e-06
you that,7.012477340821463e-06
trap,7.0070719715672566e-06
this episode,7.002514227392921e-06
pair of,6.998869721377138e-06
regret,6.998150821898751e-06
log,6.995969660442635e-06
even in,6.993683330104811e-06
secret,6.976254026923366e-06
but we,6.974104883013008e-06
usa,6.973188031375038e-06
since the,6.963078285589916e-06
and made,6.952009576396454e-06
count,6.9502895135188235e-06
potter and,6.941645656834881e-06
become more,6.9243209578355815e-06
the girl,6.922982684130231e-06
concert,6.917210960524554e-06
of me,6.911029018462942e-06
wife and,6.9072547246567415e-06
was to,6.901775329523318e-06
love this,6.900331419850209e-06
lazy to,6.877671146495584e-06
in her,6.869511463933826e-06
members,6.865291306156858e-06
place and,6.86380909055035e-06
chief,6.856726012812196e-06
neither,6.854679355103918e-06
unique,6.849787225075592e-06
one day,6.845495725975347e-06
pats,6.841579422997225e-06
the fire,6.830866455485647e-06
showing,6.828147898418615e-06
beer,6.825359996828602e-06
de,6.808455107446232e-06
jr,6.808177441129771e-06
dollar,6.804617136040737e-06
go home,6.786669524854192e-06
on me,6.78540745672428e-06
ios,6.783888575793086e-06
stressed,6.783750735336996e-06
not going,6.781664781784479e-06
jared,6.781131647207456e-06
planet,6.778366207050855e-06
lego,6.775673135173109e-06
ss,6.7718021901903976e-06
we still,6.768953527428998e-06
word,6.7635832141609755e-06
saturday,6.756982741314734e-06
ways,6.7555155053302935e-06
decent,6.755033697950666e-06
by and,6.751464946872864e-06
and learn,6.750289626309152e-06
wants,6.74694072221334e-06
daddy,6.734604135203007e-06
doesn,6.724533574409469e-06
the difference,6.7153498333401665e-06
anymore,6.709275169177154e-06
twd,6.709199595065695e-06
angry,6.70791027822155e-06
of fun,6.701386994416368e-06
goals,6.695835140392134e-06
horror,6.6931304244387865e-06
all so,6.672402058691967e-06
scare,6.6677837717371664e-06
release,6.665042571513802e-06
blame the,6.660045758583282e-06
rush,6.65524098572919e-06
they did,6.646001409220787e-06
mo,6.645192131495862e-06
mean that,6.641793362758309e-06
year and,6.624204289075676e-06
plus,6.611701623518968e-06
tho,6.608051833605617e-06
bitch and,6.6070710294080756e-06
storage,6.606351512431048e-06
5iv46wvpmc,6.592386807610247e-06
to remember,6.592047837525664e-06
lets,6.590330911574394e-06
french,6.582281161638575e-06
exact same,6.581999857232188e-06
at this,6.58124692645682e-06
planned,6.576667195995004e-06
could be,6.571293289561932e-06
ready to,6.546448839122071e-06
you never,6.544290484509179e-06
away and,6.525618513564468e-06
off of,6.5167681441765145e-06
early,6.51559177211985e-06
mirror and,6.5126549691679505e-06
pair,6.512556283868921e-06
tree,6.5047271332006645e-06
the greatest,6.4982979781713e-06
pink diamond,6.489819947970054e-06
worse,6.483063665565498e-06
at my,6.480151449239471e-06
homework,6.475050473026421e-06
have any,6.472347675979864e-06
spider,6.4682815356967e-06
thx,6.452266395767562e-06
the street,6.447498917031802e-06
present,6.446581241320471e-06
attention,6.445966557400463e-06
of their,6.44528444192822e-06
by û_,6.434145614030042e-06
in syria,6.432201443539477e-06
that can,6.429578986084328e-06
better lol,6.422324628366393e-06
today is,6.417887207529999e-06
the money,6.415057299138224e-06
of an,6.411197651409349e-06
meet you,6.408776238787843e-06
grammy,6.40090846027327e-06
junk,6.399964355506229e-06
gently,6.394546179795138e-06
re not,6.392165534367025e-06
if can,6.391660025580733e-06
quiet car,6.390420105835425e-06
do know,6.3854959859577565e-06
eu,6.383681849783756e-06
likes,6.380171857884954e-06
just do,6.3666973223794096e-06
group pop,6.356441281240537e-06
carson,6.353508006371817e-06
ll always,6.351367609695595e-06
sisters,6.348937318854201e-06
and if,6.3315878656528794e-06
most beautiful,6.320320339518304e-06
clothes,6.318485069602684e-06
worth the,6.305133925689581e-06
night with,6.298182838506521e-06
jumping,6.2851548691006996e-06
your face,6.281303840823193e-06
don let,6.280828811743788e-06
me _ù,6.275194582450902e-06
they have,6.266041379838687e-06
he can,6.2595090102794466e-06
be on,6.250787833388274e-06
hear the,6.245528876019317e-06
where we,6.24365935197796e-06
gorgeous,6.237158906045603e-06
mental,6.232162254808758e-06
taking,6.228059493475556e-06
hungry,6.215090951557875e-06
even get,6.204307768948515e-06
cake,6.204001717807328e-06
air,6.199827773833342e-06
and unfollowers,6.193826004868876e-06
will give,6.165778898540801e-06
plot,6.161980260712513e-06
the exact,6.150646730291533e-06
and fun,6.148557969228376e-06
so glad,6.146208616529739e-06
concert and,6.143506832725243e-06
course,6.1390717821799536e-06
false,6.1346687393739635e-06
me up,6.127924512803217e-06
sore,6.124744200586067e-06
outfits,6.107477955156164e-06
been so,6.106527006314814e-06
making me,6.102951139757491e-06
grown,6.1013414751263275e-06
äè äè,6.094753974436995e-06
bait,6.086910642896797e-06
but no,6.082114928452071e-06
crime,6.08152553965163e-06
it makes,6.081444697800699e-06
000,6.081097438914296e-06
man and,6.075834652763478e-06
shoutout,6.073562549941011e-06
have no,6.069806450557872e-06
outta,6.066348386432612e-06
get more,6.05775985171083e-06
do anything,6.055491783452244e-06
side of,6.054698763402899e-06
what he,6.044557808992769e-06
system,6.044078720362557e-06
5sos,6.035773587918028e-06
does it,6.03562276359747e-06
just so,6.030684386571679e-06
same thing,6.0275166713513276e-06
so im,6.020504162245917e-06
swift,6.008734460866722e-06
things that,6.006358567943932e-06
in your,6.001103962125247e-06
mile,6.000247696013416e-06
pregnant,5.981804531531808e-06
genre,5.965334274365249e-06
name is,5.956902247520017e-06
am not,5.95654768087807e-06
able to,5.942705039710629e-06
moment,5.934914400947063e-06
aka,5.933491623977565e-06
ass and,5.932980174072173e-06
my car,5.931631425903071e-06
of û_,5.931175561015569e-06
my team,5.927708078073566e-06
main,5.914644280913136e-06
the reason,5.9077353453314796e-06
job and,5.898601341883665e-06
leads,5.895442943243657e-06
state of,5.892905042768142e-06
sale,5.882034439067222e-06
whenever,5.876799110723679e-06
league,5.871534850831824e-06
you at,5.861397025003622e-06
entered the,5.8601075352988145e-06
wise,5.860041312875068e-06
events,5.859367737071137e-06
be better,5.853387943764111e-06
takes,5.844404201399123e-06
always have,5.8412658239032155e-06
songs,5.826898285946451e-06
crushed,5.814071929204212e-06
quotes,5.811901529607655e-06
tv,5.811156446892685e-06
telling me,5.8108054061896505e-06
and half,5.804390786942763e-06
characters,5.798859662716718e-06
blue,5.796986068684897e-06
smells,5.795981231894152e-06
gay,5.789465475892322e-06
picture and,5.787905629689679e-06
to understand,5.782018070766017e-06
threatening,5.777466650945064e-06
obviously,5.775794440116463e-06
kyle,5.768611751709384e-06
neighbourhood,5.766706792162449e-06
the 3rd,5.765477809148963e-06
it your,5.758558621659907e-06
up on,5.754049295214802e-06
hey,5.751865879776505e-06
gold,5.74699850289001e-06
day you,5.7367663710050415e-06
display,5.736028124584173e-06
re all,5.732234562718546e-06
time of,5.7260279252131045e-06
the following,5.7237612823430866e-06
read https,5.7224092576527275e-06
brand,5.720570431229971e-06
bernie sanders,5.717955028306295e-06
and took,5.704599589965991e-06
been to,5.702343350636913e-06
55,5.700695322513426e-06
seniors,5.698606705070964e-06
coverage,5.696580345612973e-06
arsenal,5.693945136717663e-06
never fails,5.691421040535734e-06
players and,5.6834590499213075e-06
hopefully,5.682944974836789e-06
of being,5.678264340201898e-06
blast,5.675069611325678e-06
entrepreneur the,5.669462873463896e-06
me about,5.665484774632245e-06
and of,5.662944941054065e-06
the food,5.661425257900444e-06
passed,5.658387578915251e-06
talks,5.653182776683925e-06
germany,5.650391658657076e-06
to step,5.650021323915361e-06
wednesday and,5.639616195809022e-06
pushing,5.636875417163027e-06
processed,5.634630820615669e-06
was so,5.631719860455473e-06
my friends,5.628912136655638e-06
craig and,5.625672666021534e-06
to stay,5.615372293252667e-06
followed thank,5.615327416430549e-06
can see,5.6137606651675265e-06
but also,5.6128869210820245e-06
boys,5.611757780256617e-06
they were,5.599064210427217e-06
bond spectre,5.598110235560683e-06
guest,5.596437497942207e-06
essential,5.589252471509314e-06
happened to,5.58711916029634e-06
thing ve,5.58431019787827e-06
fashion,5.579693827534384e-06
one year,5.575537562689755e-06
male,5.572092231343159e-06
is like,5.563784011944204e-06
like they,5.559982413689475e-06
tweeting,5.552333468409034e-06
you ll,5.551597724252414e-06
babies,5.5461761626493135e-06
is one,5.541344436660076e-06
gun,5.536347769673692e-06
ive,5.5318028940669315e-06
out for,5.531270822011378e-06
up spectre,5.530940377488426e-06
booty,5.525032650949474e-06
the human,5.524740881123654e-06
stressed out,5.517869640733904e-06
tweep followed,5.507596650473104e-06
my room,5.506773324179498e-06
oatmeal,5.494868782022538e-06
to make,5.493789010200503e-06
article,5.491696548189887e-06
conversion,5.489258172816546e-06
personally,5.485734833935661e-06
coke,5.4852591640084105e-06
them and,5.485128505967026e-06
brown,5.484245575940561e-06
on to,5.474365636623899e-06
cannot,5.464455518141912e-06
2017,5.463684444024187e-06
walked,5.457842427732056e-06
have an,5.4552079591005314e-06
premiere,5.445537306817097e-06
higher,5.439534152141222e-06
asked me,5.426923395818572e-06
dressed,5.425583925393907e-06
all want,5.424187087040712e-06
followers in,5.4241107540737166e-06
shit but,5.419841879226387e-06
youtube https,5.414208185877422e-06
gone and,5.412360197680671e-06
that just,5.409717437235805e-06
yourself and,5.407199457200286e-06
or not,5.406340740896119e-06
justin bieber,5.405372005448727e-06
see how,5.403123394437654e-06
gets,5.403123394437654e-06
on drugs,5.38990006343011e-06
rant,5.384977728634494e-06
chris,5.382915635207408e-06
normal,5.381660311076709e-06
meant,5.373797085581311e-06
there nothing,5.3688926172988825e-06
sudden,5.368246769121318e-06
list,5.365929624728548e-06
genuine,5.360973860951018e-06
it on,5.35840782436367e-06
he still,5.357982488403607e-06
the father,5.357189750755908e-06
ï__ù,5.356885239813465e-06
your hair,5.356033357214435e-06
too https,5.352712240060169e-06
throw,5.349730778581534e-06
went to,5.3421119435184586e-06
part,5.341841913185892e-06
time _ù,5.338825937495631e-06
you didn,5.328425737952035e-06
click,5.324536763953383e-06
the gas,5.3199148329938425e-06
was in,5.318832094142899e-06
mixed,5.3172676480471995e-06
that have,5.317053400827353e-06
bad,5.313945634080031e-06
_ùªä,5.312318469970789e-06
especially,5.307779919106393e-06
ô_ù,5.307284195902984e-06
to survive,5.307145903572582e-06
ed,5.289231059325348e-06
going out,5.288005856263146e-06
on it,5.286904288359737e-06
could not,5.28344576242556e-06
learn to,5.283328583623202e-06
honest,5.2733092229087255e-06
homecoming,5.268886782947542e-06
enjoy the,5.265591871410691e-06
for new,5.264251658983981e-06
paul,5.264086622073886e-06
radio,5.26292649314639e-06
the very,5.258431520099483e-06
yummy,5.25752263446563e-06
kid,5.248941849486603e-06
demons,5.247532329069067e-06
new one,5.246686744179023e-06
classic,5.244152230095814e-06
charge,5.2413408770166095e-06
guy and,5.240630795378355e-06
odds,5.235935353186687e-06
20,5.234519375491307e-06
decided,5.230086667330108e-06
nyc,5.2242570040416355e-06
watch it,5.219902902857197e-06
and am,5.218046028674315e-06
ipod,5.217268314083295e-06
can use,5.209949659991738e-06
the https,5.208785964737005e-06
players,5.206843477791678e-06
auto,5.205680458345665e-06
crew,5.200744082066225e-06
these days,5.19782123613736e-06
hospital,5.196040810966789e-06
that everyone,5.1960084586123115e-06
its so,5.19564692186393e-06
then me,5.1878783210309535e-06
cant wait,5.187155371281914e-06
corner,5.18660008382304e-06
ppl and,5.186373215250334e-06
lords,5.184536294356466e-06
mouth,5.181298672945829e-06
three,5.1778055847268844e-06
even though,5.173940025707371e-06
caught up,5.168567683044656e-06
__ù https,5.1647142519199294e-06
pleased,5.164061534845796e-06
point where,5.1533892742440195e-06
began,5.149657520017541e-06
ûó https,5.148239155851721e-06
my body,5.146367049105539e-06
went out,5.145956546097997e-06
the mv,5.143437097639264e-06
proof,5.141364950155381e-06
california,5.140479684841226e-06
tough,5.139479442301169e-06
enough,5.138302241583691e-06
ever made,5.129608348603984e-06
saw the,5.127673804959284e-06
cure,5.125593066678808e-06
bitter,5.1231867449553605e-06
time it,5.122801187760606e-06
out in,5.10709777658996e-06
and amp,5.098936297169021e-06
how it,5.098838528791781e-06
original,5.0974778578397785e-06
extremely,5.096046710669956e-06
following me,5.092384064886844e-06
other than,5.0899986703824295e-06
what happened,5.088392616015019e-06
means the,5.085296313134433e-06
beyoncì,5.081754851379831e-06
on in,5.0720796483657505e-06
char_iii,5.0718218788202085e-06
my family,5.0714315662062676e-06
some good,5.069880354647269e-06
my way,5.069507631044183e-06
the water,5.067757474571831e-06
you would,5.066614693478141e-06
why the,5.0665507324377554e-06
and work,5.056351356353033e-06
was talking,5.0527430297996805e-06
deal with,5.049167574635257e-06
wont,5.049132644915422e-06
you always,5.045417485630603e-06
and was,5.044658640952005e-06
numbers,5.033090854173501e-06
just wanna,5.029469498365095e-06
they just,5.028256988821168e-06
fish,5.027816580523648e-06
random,5.022922023233511e-06
_ù_ä,5.022611471667093e-06
spoilers,5.017102819999151e-06
works,5.015553457784107e-06
promo,5.009175516566976e-06
just wanted,5.007684367250965e-06
sugar and,5.006444808360555e-06
give it,5.005279041855616e-06
my mind,4.999476014732456e-06
table,4.997800778401024e-06
am so,4.99701563239472e-06
sweet,4.996911258140335e-06
would say,4.982801228210623e-06
feel the,4.980119754352235e-06
cinema,4.979843961319864e-06
to set,4.975482860992033e-06
the sun,4.972289515867175e-06
list of,4.970003134886268e-06
to enjoy,4.969107091497383e-06
shouldn,4.968007205578428e-06
comment,4.955484772690564e-06
an hour,4.953400726693303e-06
prime,4.947048376681267e-06
lunch,4.946899257322969e-06
vip,4.945245789376685e-06
yay,4.9437686584259394e-06
show and,4.94375918374981e-06
on what,4.936667766670315e-06
didnt,4.933354679346088e-06
people will,4.932450941737362e-06
apply,4.930512136631318e-06
amount,4.929780963745696e-06
goodbye,4.919519532744016e-06
base,4.917510065262571e-06
name and,4.903683478276822e-06
meet and,4.902901669834515e-06
let be,4.896996020085431e-06
convince,4.891653497845127e-06
just finished,4.8844029410439785e-06
joe,4.880485232844722e-06
silver,4.879783208781045e-06
one in,4.87480810130041e-06
the devil,4.873412001420176e-06
dc,4.866651358113881e-06
why do,4.865937188773055e-06
huge,4.864198545295536e-06
doesn have,4.8613136111313645e-06
west,4.856051470498562e-06
come from,4.852917512739784e-06
the death,4.849321216850288e-06
the lowest,4.849100035870726e-06
np,4.8481064227101575e-06
fuck about,4.847275250198359e-06
deep,4.839785908993318e-06
standing,4.8397423843500914e-06
do in,4.839673621041348e-06
william,4.838548023867808e-06
you you,4.83732644449401e-06
them in,4.836061563893352e-06
lil,4.8346431570262e-06
breakfast,4.83266666947924e-06
mad,4.832511299742349e-06
bday is,4.8321271662081545e-06
updated,4.8266551110672555e-06
and put,4.82492979341101e-06
spirit,4.824365153765084e-06
musical,4.823996504175011e-06
are just,4.822688085847585e-06
touch,4.822442112576307e-06
russian,4.819032320198269e-06
makes the,4.818190830492952e-06
shouldn have,4.816076228901937e-06
kevin,4.810784186911045e-06
for free,4.8103021666590195e-06
amp the,4.8100888087756645e-06
he has,4.806147987895199e-06
tonight and,4.803688344217851e-06
justin,4.799695031132518e-06
energy,4.795855944137849e-06
and through,4.7953544349015755e-06
dream of,4.7952611458750516e-06
fill,4.794084445322911e-06
pictures,4.792901344397363e-06
enjoying,4.7922107970033624e-06
now they,4.789598474568286e-06
food and,4.78480831227693e-06
lol https,4.78294782632859e-06
bless you,4.776104515453939e-06
with people,4.769112827589368e-06
and on,4.766664646454372e-06
outside the,4.759479276201753e-06
discussion,4.757609838523605e-06
waiting,4.7565902632245055e-06
to visit,4.748243705455994e-06
is killing,4.746017912088901e-06
not in,4.744521542222771e-06
lovely,4.743912384257341e-06
years old,4.739075285205316e-06
supposed to,4.738805183296256e-06
sports,4.7372448419470486e-06
known,4.73322721920467e-06
class and,4.73234517618699e-06
homosexuals,4.731482121031337e-06
lovers,4.7297831619218524e-06
jack and,4.728813132282421e-06
ve just,4.728357170921905e-06
such,4.727822017041712e-06
sooo,4.724746972673559e-06
texas,4.723304828865702e-06
clinton,4.722821389103259e-06
ignorant,4.721934704820645e-06
the grass,4.720184178059041e-06
to cry,4.720118562480891e-06
but love,4.718582591691782e-06
in place,4.714617849715558e-06
the work,4.707252576420971e-06
interested,4.7067698803496505e-06
killed,4.7067698803496505e-06
fresh,4.706368238889842e-06
or do,4.706243074757514e-06
annual,4.705446356920497e-06
as it,4.702140986220311e-06
one is,4.699680163174187e-06
said that,4.698702064149017e-06
like my,4.697619546046341e-06
harry_styles you,4.6944104739756546e-06
we get,4.689147326102211e-06
ticket,4.685698583104175e-06
cyber,4.682815346734013e-06
drinks,4.681652611367638e-06
burn,4.681082955905845e-06
waiting on,4.678166839117606e-06
you but,4.675379617228178e-06
still have,4.675377374618602e-06
feels good,4.672596065452338e-06
practice,4.669361637999064e-06
feel good,4.667524630435808e-06
cafe,4.663853509405159e-06
shift,4.6637287359645804e-06
just made,4.6620093555469814e-06
asked,4.660074298714479e-06
mean it,4.659844454043034e-06
oh yeah,4.656931800456177e-06
stand,4.65685356166516e-06
middle,4.651832119926887e-06
the tax,4.642916033173819e-06
every single,4.640512431750036e-06
lowest,4.640325857076764e-06
analysis,4.636604952473643e-06
fully,4.636005449667288e-06
you look,4.629822486791776e-06
and games,4.6228934256119665e-06
courtesy,4.618401158905037e-06
double,4.617254570763224e-06
heat,4.614267515975269e-06
state ûªs,4.613862425183545e-06
today my,4.604115742986062e-06
girl in,4.603279901122417e-06
out with,4.599068046996518e-06
hood,4.596121563912148e-06
what makes,4.594091916527014e-06
got to,4.593437217083952e-06
memory,4.587583145084085e-06
championship,4.583502751264788e-06
sending,4.574769982050006e-06
was already,4.570934048612246e-06
finna,4.568200588990802e-06
proud,4.565293231446385e-06
starbucks,4.563908586526887e-06
good for,4.563503644419277e-06
awareness,4.562909143830719e-06
where did,4.553405454856524e-06
ny,4.544107501654122e-06
never had,4.54261648465943e-06
trouble,4.538129006985465e-06
android,4.537134186027667e-06
uk,4.535838495675109e-06
ûªre,4.530554141031417e-06
nicole,4.527283371237087e-06
allowed to,4.52630169195076e-06
past day,4.525408826296915e-06
diane,4.524783459439134e-06
your heart,4.5230156586800146e-06
absolute,4.522496722664073e-06
and gentlemen,4.522496722664073e-06
50,4.520390055991849e-06
links,4.517294728099446e-06
not ready,4.513322357428443e-06
was just,4.507651188624721e-06
safe,4.50729033580293e-06
phones,4.507148317646787e-06
finally got,4.4996113083711444e-06
longest,4.497530601608163e-06
surprised,4.497160225161483e-06
title,4.49507441887454e-06
process,4.494761518907284e-06
cried,4.483338965390168e-06
along,4.473638293461666e-06
can believe,4.471608020607123e-06
update,4.4701608744987035e-06
four,4.469148264662503e-06
how much,4.466939365613879e-06
failure,4.46560299837838e-06
and shit,4.465376811176206e-06
on your,4.4625263719207275e-06
quickly,4.462229992767672e-06
spectre world,4.461370023975213e-06
coast,4.460321778201745e-06
ffs,4.458152414853704e-06
you take,4.442990737406328e-06
behind the,4.4417282127213684e-06
stephen,4.441678813594029e-06
it it,4.438933470125751e-06
it going,4.42327566902491e-06
have great,4.414288327858178e-06
begins,4.411545024854525e-06
vinyl,4.409985600459014e-06
which is,4.408006591019195e-06
are on,4.407175267745781e-06
ps4,4.403672406559327e-06
the third,4.401734333944141e-06
pushawardsjadines,4.401206239102373e-06
and give,4.400624566437876e-06
sky,4.3970711494014835e-06
that to,4.396229409620689e-06
_ùª _ùª,4.395967371538034e-06
and cute,4.3956502054851515e-06
celebrate,4.389775100049833e-06
and well,4.38740106411135e-06
peter,4.386129937082864e-06
the red,4.3847079841518475e-06
here to,4.38386382404838e-06
of this,4.380823147741233e-06
is dead,4.380385554444264e-06
laughed,4.372775599254212e-06
testing,4.372486079711574e-06
play the,4.370322751114226e-06
still the,4.369437822767171e-06
in all,4.3680056060289335e-06
fine,4.367841036196317e-06
lifetime,4.366420233330822e-06
bored,4.366273942185651e-06
slowly,4.365526863156733e-06
is almost,4.3578041494870725e-06
hype,4.353414311248937e-06
27,4.3533888915682915e-06
your day,4.35205915364455e-06
the link,4.351861220352445e-06
moments,4.347884738696033e-06
web,4.347095447067041e-06
but just,4.346985923920615e-06
to study,4.346233867506512e-06
imagine,4.3422007539593175e-06
state,4.339123931484008e-06
day in,4.331543247861689e-06
and being,4.3312760124858904e-06
thank god,4.330017349229666e-06
are doing,4.324588076852967e-06
the lake,4.323821532583837e-06
wallet,4.323453619088006e-06
cuddle,4.320767003571572e-06
homie,4.320766445890617e-06
having the,4.318605935075056e-06
that and,4.317563745590293e-06
heavy,4.317054145885289e-06
and pay,4.3136925709494645e-06
is no,4.3127883833582445e-06
and show,4.3090638470155115e-06
the film,4.30779464091122e-06
and ve,4.307532276983663e-06
ran,4.306655656409277e-06
so hard,4.305287714103125e-06
to support,4.302078903652644e-06
nudes,4.300701997310704e-06
even if,4.300701997310704e-06
to tell,4.300485302945914e-06
the weirdest,4.299951269841148e-06
the coolest,4.299603325956847e-06
and look,4.2953381748587635e-06
girlfriend,4.2935006150953936e-06
outcome,4.29347399009387e-06
powerful,4.293064632641516e-06
range,4.2925413506812045e-06
results,4.291016874982628e-06
all need,4.280019753209426e-06
hard work,4.278797157836078e-06
sense,4.278327066974312e-06
version,4.277179081130814e-06
you down,4.276345368749547e-06
turned,4.276131318117509e-06
them https,4.276035077734037e-06
happening,4.274110884263667e-06
labour,4.2718454326059555e-06
and ur,4.267451090684167e-06
shoes,4.264303335252862e-06
we re,4.261509307685481e-06
christ,4.2593987996963016e-06
06,4.258543882257459e-06
ultimate,4.256215667007901e-06
going back,4.255697217673473e-06
still not,4.247276332239195e-06
and some,4.247204705134447e-06
birthday to,4.247085792866764e-06
_ùô _ù,4.2377937439928075e-06
friday and,4.237210445647586e-06
follower in,4.235382646147021e-06
boots,4.230204990072383e-06
tower,4.22018605628602e-06
shower and,4.21932500116048e-06
pain,4.215460918545923e-06
the media,4.21527083517103e-06
hour and,4.211600991716037e-06
entered,4.20944686756157e-06
soul,4.208577941098755e-06
booked,4.208253268685248e-06
devil,4.207879911146267e-06
tech,4.203946449225052e-06
cool and,4.198354067479796e-06
board,4.1930686431606275e-06
this game,4.192241497339058e-06
drinking,4.1903057335559576e-06
witch,4.186448976469637e-06
cnn,4.185846007010799e-06
extra,4.183522365549878e-06
produced,4.18329632709061e-06
spectrepremiere,4.1827963141605745e-06
lake,4.182522172087536e-06
closed,4.177283486865469e-06
in charge,4.171479710437514e-06
my back,4.17053013189462e-06
finals,4.1689798600256105e-06
can come,4.167262886271016e-06
that my,4.164479351468441e-06
joe_sugg,4.1610510111614175e-06
roll,4.160463155275626e-06
floor,4.154688355618639e-06
reading,4.152741929134638e-06
describe,4.1427922948117445e-06
why is,4.1318032544217234e-06
honey,4.129473925393795e-06
what an,4.124667441843333e-06
bacon and,4.121666183764962e-06
did you,4.12134010246395e-06
know where,4.11655677704488e-06
and their,4.116545480554176e-06
learn from,4.116466347851954e-06
be good,4.116235816548986e-06
my name,4.1132464425291495e-06
through the,4.110566474772689e-06
americans,4.110136197540217e-06
whose,4.109158686543321e-06
18th,4.107484613755152e-06
performance,4.106867078720058e-06
influence,4.106300339961927e-06
no reason,4.105690569197711e-06
give me,4.103386209616802e-06
that what,4.102577224730352e-06
tickets for,4.1002038019209136e-06
family and,4.098308287295682e-06
you think,4.093300810208912e-06
this day,4.092943758141623e-06
bears,4.092140788579993e-06
tiny,4.088957395719678e-06
for two,4.086139661725338e-06
being taken,4.084780769173255e-06
becoming,4.08381018908753e-06
player,4.0819202162039455e-06
earlier,4.080638309090084e-06
literally just,4.0790325894893316e-06
someone you,4.074956242728243e-06
demi,4.073658170900448e-06
none of,4.06839851141826e-06
will always,4.0679920938461765e-06
want me,4.058589426671209e-06
to throw,4.055461477934084e-06
he wants,4.054316190203975e-06
you said,4.050673232850198e-06
just get,4.050505961229728e-06
last week,4.047092368693647e-06
made me,4.04664352989081e-06
block,4.044893877613477e-06
department,4.044738809158313e-06
bag of,4.043023190165005e-06
writing,4.042677148709409e-06
chances,4.0408772329698495e-06
obama,4.037677867765894e-06
village,4.035971227271521e-06
difference,4.035904664190451e-06
so long,4.035726912761602e-06
girls and,4.034281226302175e-06
mine and,4.033854873938943e-06
daily,4.029346448889933e-06
and won,4.027078212154797e-06
library,4.0266682009916085e-06
safety,4.024680075525858e-06
just because,4.022605591056938e-06
romantic,4.020344001513313e-06
sweetest,4.020164583001671e-06
selfies,4.018486866302706e-06
and get,4.018089177333674e-06
official,4.0180387493309995e-06
what me,4.015160267917119e-06
sexy,4.014389929864798e-06
on https,4.010054254441521e-06
and bought,4.0072787191083585e-06
love for,4.004882437218622e-06
the moment,4.004475511062066e-06
united,4.004223233484491e-06
ve had,4.0036081397223235e-06
journey,4.00346854112231e-06
video https,4.000735397516407e-06
respect,3.995774101789487e-06
back on,3.993877046744071e-06
hardest,3.988330086848799e-06
the good,3.986520006676956e-06
language,3.986415808724358e-06
done with,3.985387811727675e-06
staff,3.9850891199702705e-06
modern,3.9829884315209234e-06
you in,3.981722809294667e-06
methods,3.980485904521832e-06
old as,3.9757310231356755e-06
over again,3.9746409567736265e-06
caspar_lee,3.97380478414235e-06
you going,3.973718956857674e-06
told my,3.973082336660033e-06
with this,3.969953488899761e-06
one time,3.968638870896233e-06
workbench,3.968567086078848e-06
you https,3.966923294494009e-06
golf,3.964417341941903e-06
to wait,3.9579549409623926e-06
dresses,3.957488229914798e-06
elite,3.9566708034779e-06
fat,3.95628613332023e-06
most _ù,3.951300992317934e-06
ã_ù,3.951287311831002e-06
meeting,3.949872159957192e-06
pulled,3.949376645817047e-06
is today,3.9481261591259674e-06
deals https,3.94207417745035e-06
my eyes,3.941656785028428e-06
body and,3.939339986645624e-06
natural,3.939339986645624e-06
october,3.938321873232139e-06
be there,3.934607413865391e-06
and sign,3.93393084785318e-06
survived,3.926796285044844e-06
soldiers,3.925709052435778e-06
glad to,3.924117892928778e-06
just go,3.920632592287494e-06
issue,3.915370285006891e-06
and can,3.9136628052458725e-06
this and,3.911542025376942e-06
on twitter,3.9110649804263305e-06
within,3.9071397499971224e-06
is hot,3.904802042870779e-06
the nicest,3.904338546617508e-06
or something,3.902110383067393e-06
alert,3.90015216057601e-06
in relationship,3.898889618081117e-06
myself the,3.898334112718613e-06
alone,3.896023116825518e-06
rose,3.8955976127336794e-06
failed,3.894195851714552e-06
and only,3.893475086774248e-06
pen and,3.8921391477986735e-06
going on,3.888561165063359e-06
adam,3.8824574476402815e-06
favourite,3.878596365867646e-06
by it,3.8768763891568e-06
hop,3.870635885371964e-06
just watched,3.86963721662283e-06
shit ve,3.8681199308779255e-06
tips,3.864611377826755e-06
ipad,3.863287215613085e-06
know and,3.863287215613085e-06
up your,3.862262213552124e-06
gon,3.861747341937524e-06
say it,3.858281728538455e-06
change the,3.853989409903661e-06
australian,3.852009496043261e-06
haunted,3.849638046918024e-06
get some,3.84890431042637e-06
number crunching,3.848430490089104e-06
gentlemen,3.843088020129522e-06
who don,3.839487381084457e-06
spotify,3.837558735213662e-06
fell,3.828954574271198e-06
smooth,3.828540390147283e-06
continues,3.819919916623057e-06
same time,3.819754589238708e-06
lie,3.819381080191127e-06
beats,3.814048905197861e-06
herself,3.8104105722441935e-06
die,3.8104105722441935e-06
re in,3.8046145499999445e-06
owned,3.803114489671015e-06
beef,3.7978814253051753e-06
they only,3.7916339352968446e-06
sparksflylarry,3.7889903677456032e-06
test,3.7882980631505153e-06
and sleep,3.7833049784457573e-06
theme,3.782363928163847e-06
to pay,3.7712409779835733e-06
thanks to,3.7693724950269934e-06
replay,3.7691797155666795e-06
think you,3.7652417303004963e-06
won the,3.758103182789603e-06
how do,3.749681234103573e-06
of work,3.7477748491427505e-06
alive and,3.747426753293036e-06
exciting,3.746657038814555e-06
close,3.743690825769906e-06
between the,3.743551610953695e-06
brady,3.7424265357608462e-06
and tired,3.7401821921524956e-06
lion,3.7371009211579666e-06
they do,3.7371009211579666e-06
happiest,3.7363596191834445e-06
jealous,3.7247646906187816e-06
not be,3.7211021557511523e-06
it ll,3.718711831440012e-06
father of,3.7062650325455686e-06
url,3.700295651355567e-06
the beast,3.6956142424248574e-06
children,3.683374040813238e-06
weeknd,3.680613321151172e-06
idk,3.6800590926472826e-06
who was,3.6677715881550436e-06
snail,3.6669833040522016e-06
tweets and,3.663853150012213e-06
journalist,3.6621774111514497e-06
wins in,3.6578831384743526e-06
and like,3.6528714072480654e-06
40,3.6522312123194937e-06
workbench desk,3.649324810225645e-06
understanding,3.635960639381157e-06
quit,3.6346287961952684e-06
shes,3.633567732788037e-06
make sure,3.6305286137753766e-06
sat,3.627359633741514e-06
the summer,3.624652678301512e-06
he needs,3.6200120540363826e-06
wonder if,3.619826767551307e-06
age,3.6156455846437293e-06
wave,3.612154667173047e-06
apps,3.6057347345722106e-06
the weeknd,3.604227160597412e-06
below,3.603792350811429e-06
leadership,3.593439312392895e-06
the house,3.586492096770817e-06
edition,3.5846848666965433e-06
love with,3.580989846020855e-06
warning,3.580859629573454e-06
to new,3.5775633694149795e-06
people don,3.5754718361709086e-06
soooo,3.5713545237567254e-06
follows,3.562837694187488e-06
bars,3.561792042240347e-06
beautiful and,3.5526218565170503e-06
info,3.548318863459464e-06
sounds like,3.5416303156571507e-06
love him,3.537340614712666e-06
era,3.5299127538271737e-06
the window,3.5290109744892706e-06
all you,3.528481117328191e-06
not that,3.5192005840842337e-06
headphones,3.517046144031439e-06
then you,3.5089124587223565e-06
really need,3.5023259898647394e-06
speaking,3.4926988503421326e-06
ûï,3.49187913271706e-06
loose,3.4916062591853813e-06
my heart,3.4895122491914846e-06
wasted,3.4868141196296177e-06
hilarious and,3.4864343678572736e-06
phil,3.4820438625622532e-06
copy and,3.4790812792251314e-06
of us,3.472858964035928e-06
_ù ä_ù,3.4679740812284727e-06
last time,3.459828554365371e-06
to help,3.4571637469523273e-06
chips,3.4559168327585704e-06
and will,3.45490957088614e-06
watching the,3.4548143602695936e-06
lowkey,3.4539235567432765e-06
goddamn,3.4520639558630243e-06
spice,3.4379073502151484e-06
bottle,3.436419304789748e-06
that happened,3.436051550044827e-06
butt,3.42180165262166e-06
got it,3.421043390999289e-06
drowning,3.4183273217015786e-06
him the,3.4162682529666194e-06
re on,3.4140364482608365e-06
warm,3.4106978253339756e-06
increase,3.4094094505392886e-06
virgin,3.4076487061618295e-06
magic,3.4071229026128934e-06
jem,3.397982529889428e-06
to and,3.3960848038472634e-06
however,3.393814837008232e-06
the stars,3.3925166962302804e-06
exact,3.387791476055069e-06
around with,3.387791476055069e-06
episode and,3.3871415033234197e-06
of course,3.381907937723317e-06
all of,3.3817536945044436e-06
to him,3.3768650565228426e-06
tryna,3.3633908290421707e-06
half of,3.352171325880779e-06
new unfollowers,3.3520825968537063e-06
tour,3.351963058292457e-06
must,3.3519149139529445e-06
do what,3.3502551940738535e-06
cup,3.348732388860489e-06
cover,3.348407647778062e-06
field,3.3437231416950175e-06
congress,3.3395568694486974e-06
bad for,3.336697251033899e-06
checked,3.320199043731743e-06
wondering,3.3184844578601924e-06
ur,3.3176423460107555e-06
unless,3.31736265832205e-06
yours,3.316110576137607e-06
isn,3.312417373484145e-06
the group,3.3044774220079442e-06
travel,3.3041033628305386e-06
bout,3.291501010095642e-06
the 13th,3.290999928616094e-06
the two,3.2846046995516764e-06
on all,3.2845697349384794e-06
the door,3.282928175482381e-06
different,3.280163041536731e-06
and beautiful,3.2787562706353618e-06
iphone,3.2717389034099052e-06
london,3.2678677022906327e-06
aid,3.267130359931148e-06
turkey,3.260239442940461e-06
is coming,3.257413267104305e-06
tribunal,3.2503030653568525e-06
__,3.2493249264303024e-06
it monday,3.2466770887071417e-06
and say,3.2419043052976835e-06
knowing,3.23160017846486e-06
yelled,3.220073750928193e-06
have nothing,3.216856637955448e-06
vine,3.2121282143336943e-06
kit,3.2086103910456756e-06
other day,3.2040534301682383e-06
with his,3.200223905351656e-06
of those,3.1989481605654887e-06
you will,3.1984733406518366e-06
of building,3.198473340651836e-06
of you,3.1865259249986124e-06
doors,3.1843090310349024e-06
now she,3.1794793988293696e-06
each other,3.1660730922876565e-06
growing,3.1642980037303397e-06
this one,3.159897727965753e-06
way you,3.1547091494398503e-06
is what,3.1523683093877567e-06
bills,3.1467457083205944e-06
of one,3.1303931956676603e-06
devices,3.118320126281996e-06
services,3.1164780901869432e-06
woman,3.1152816233949524e-06
look like,3.114711353023142e-06
smoked,3.1036007932248504e-06
that in,3.098852440816293e-06
smart,3.095441624948923e-06
team is,3.0831922164811593e-06
to like,3.0661560577688795e-06
easy to,3.0657424895953456e-06
somebody,3.064819014113445e-06
that day,3.052992998829051e-06
the bottom,3.042301779585815e-06
and this,3.042238000398861e-06
later and,3.0351194664953115e-06
done this,3.0340382878458816e-06
be safe,3.0263619797770077e-06
eaten,3.0204289154572693e-06
opposite,3.01821796354619e-06
million despite,3.0113702009378395e-06
costume,3.0109970879954286e-06
was like,2.998029674675681e-06
whether,2.9781413409382016e-06
me it,2.9749694651520094e-06
politics,2.9739146871713027e-06
pls,2.9675031026084255e-06
the gym,2.953060927384633e-06
don even,2.948120694201225e-06
everyone was,2.932696100683605e-06
thats the,2.9225205208095702e-06
needed,2.9200357973062585e-06
day new,2.9167081306398004e-06
in their,2.916671700765594e-06
get you,2.909164710387982e-06
biggest,2.9055782234463424e-06
folks,2.897650286431261e-06
my future,2.890492702951088e-06
plans for,2.8864705121466265e-06
one person,2.8772760823581855e-06
no the,2.875932939888255e-06
visit,2.8616929124302662e-06
an evening,2.852335867253261e-06
john,2.8435820611144217e-06
is doing,2.8426508345706885e-06
to connect,2.8300713405380874e-06
if we,2.8296578691996183e-06
school and,2.8282949007651035e-06
give you,2.8213372571122797e-06
to figure,2.8127093366491912e-06
thing you,2.7951852028454285e-06
diamond to,2.781201763858724e-06
do something,2.7768692108789555e-06
and could,2.7668325364431183e-06
the ball,2.75396573562013e-06
till the,2.7474695211315085e-06
lift,2.737930416057774e-06
grow,2.703098147618211e-06
changed,2.6948374674519557e-06
words will,2.6879228977372e-06
me that,2.683172527061235e-06
it feels,2.6763800832343916e-06
perfectly,2.6730090547483008e-06
lt,2.6561592349853943e-06
plan,2.6484646386508313e-06
heads,2.6444173023573415e-06
starts,2.642424430137148e-06
greatest,2.6377846080235814e-06
shit and,2.6369249611044276e-06
we are,2.632950324549958e-06
inside,2.624821266905115e-06
rick,2.624689257650871e-06
others,2.6127656169726657e-06
why you,2.609622337852642e-06
me how,2.5974331206823204e-06
and ain,2.597348744550345e-06
trash,2.5770386625336205e-06
dna,2.545123773652672e-06
work _ù,2.5280586735084234e-06
weather,2.5259436029173166e-06
ve never,2.512277271193961e-06
compare,2.512277271193961e-06
voted,2.5083044997297156e-06
the life,2.4835743480360467e-06
307,2.4764604920238103e-06
just need,2.4748004651059997e-06
worse than,2.472923070022107e-06
weed,2.4639003797882442e-06
king and,2.45479082623834e-06
only have,2.438991637861231e-06
dark,2.409096160750272e-06
it weird,2.407774268120873e-06
how long,2.3729953880769353e-06
back in,2.3610868771047694e-06
budget,2.35684497900367e-06
sold,2.335549133393572e-06
be too,2.2940418277389594e-06
that this,2.2867384427654556e-06
dead and,2.2653216865929525e-06
good time,2.245867694916577e-06
will not,2.2354408839794623e-06
adventures,2.232460782065574e-06
lord,2.2247262741180424e-06
still do,2.2220429846634078e-06
couple,2.2174377343314872e-06
charger,2.2112212666416173e-06
eat and,2.202975076487899e-06
the bitch,2.1900268479796943e-06
expensive,2.0731178587466814e-06
front,2.04430082156677e-06
the walking,2.0384852422330875e-06
processed meats,2.030744775272612e-06
af,2.022059116043702e-06
kitchen,2.0163852375168028e-06
price,2.0151297599460545e-06
height,2.0075246106480556e-06
certainly looked,1.9707904792848353e-06
washington,1.9417043027939593e-06
the room,1.7694684718844187e-06
happen,1.7162174114624897e-06
took the,1.6532995242050062e-06
monster and,1.6299062098590064e-06
otwolhappytimes,1.6280988201590665e-06
graph,1.5842860323234115e-06
is fucking,1.577178122906876e-06
fears,1.567788324656391e-06
people unfollowed,1.5577419498957623e-06
out more,1.541028519716039e-06
it_ù,1.5398873155079776e-06
im still,1.4998978668029234e-06
and fries,1.4739954898635878e-06
struggles,1.4509882616948072e-06
15m,1.409904048952256e-06
mtvema,1.329266100967337e-06
day have,1.3050449629098166e-06
with it,1.2846920908780505e-06
rice,1.2530169579985298e-06
word about,1.2440017480067452e-06
me back,1.238788930236432e-06
or even,1.2132354696262213e-06
person followed,1.2036887916779073e-06
for few,1.1484696096886684e-06
favorite duo,1.1029413360238364e-06
arena,1.0634128807738705e-06
of people,1.0612767527017827e-06
and someone,1.0489152361068645e-06
screen,1.0045844046467019e-06
entered to,9.89167700869475e-07
blame,9.65549009557384e-07
be one,9.621568373822087e-07
instead of,9.383029080903862e-07
stars,9.367546495985777e-07
starting,9.061286746371808e-07
in class,8.929087060741489e-07
agents in,8.920300559885715e-07
putting,8.861774006448911e-07
incredible,8.802118183925702e-07
solid,8.658110402274405e-07
the wall,8.602399287842818e-07
just let,8.227499821540232e-07
abt,8.104685091656473e-07
mostly,8.077226775057856e-07
on with,8.036675237173608e-07
this bitch,7.569151969794951e-07
keeping,7.542481955967143e-07
everydayiloveyou,7.344211218876543e-07
think of,6.98154770411259e-07
picture,6.699406056517222e-07
people followed,6.582478267405351e-07
on fire,6.581999857232181e-07
dumb,6.374385544453048e-07
cat,6.13015909310754e-07
elevator,6.036435927092374e-07
hella,6.033985564773715e-07
brother,6.03398556477371e-07
don ûªt,5.766292200013689e-07
the digital,5.761021927854181e-07
kwakwanso and,5.576008116104149e-07
kayode read,5.34694489943232e-07
stats use,5.194697489100685e-07
mouth and,5.005594388827588e-07
did they,4.887826834472677e-07
us and,4.79961620572497e-07
save,4.660874867535055e-07
book and,4.643278681833319e-07
campbel https,4.2711487269973144e-07
menu,4.115351559009268e-07
when the,3.954992313461561e-07
and follow,3.9213562927115043e-07
my entire,3.8961496810234903e-07
to school,3.8513193924623894e-07
morgan,3.7559736818460547e-07
plz,3.715247935216688e-07
this friday,3.661125958130037e-07
re so,3.633690741519262e-07
day to,3.547337371441377e-07
doctor,3.5260713520886706e-07
this the,3.475888223510845e-07
my dad,3.4377968475489163e-07
to lose,3.3838801161733914e-07
dick,3.368655255426426e-07
genuine and,3.28028984192509e-07
schedule,3.2352694282120867e-07
twin,3.187467284091418e-07
_ùõ _ùõ,3.116478090186964e-07
hates,2.9464143324098194e-07
and are,2.9019765233896045e-07
arrived new,2.607376653617545e-07
can just,2.5268007418405906e-07
gop,2.4665603273987816e-07
_ùõð,2.3550801291469506e-07
onedirection artist,2.1716612025993857e-07
delay,2.1626148485128568e-07
completely,2.124556790487106e-07
history of,2.1212575415194316e-07
guess,2.0265224846064185e-07
small,1.9786597266022694e-07
ll see,1.9649178154165357e-07
feelings,1.905205286122109e-07
defeat,1.8814775104097524e-07
and when,1.726309738775078e-07
too late,1.6864350249146872e-07
the lady,1.661503087990866e-07
get money,1.5217630051331293e-07
can take,1.495382427511576e-07
this year,1.4669286036897777e-07
jokes,1.3556125183428565e-07
period,1.3241478946707884e-07
social,1.201263515386829e-07
game is,1.165218716883759e-07
looks so,1.1554533672185952e-07
on this,1.13801214942029e-07
the job,1.1291413174676472e-07
the memories,1.083992988210974e-07
shits,1.0617018954963163e-07
the poor,9.386008230722395e-08
on snapchat,9.225223598613377e-08
to protect,9.032084379715057e-08
hanging,9.032084379715057e-08
laura,8.799458379363895e-08
to face,8.614373754946906e-08
which,7.861779339758099e-08
homosexuals are,7.657237507240467e-08
dinner,7.569151969794876e-08
in front,7.263945558615732e-08
lol _ù,7.216695582049291e-08
today and,7.123867478112207e-08
etc,6.951776447021756e-08
makeup artist,6.856197267440025e-08
broke,5.957141922139871e-08
love and,4.605995644496012e-08
session,4.122421786699336e-08
near,3.6880069386076415e-08
over it,3.347686271127765e-08
gas,3.001975380116698e-08
choose,2.907485940248739e-08
asleep,2.4742956281313315e-08
that make,0.0
that love,0.0
that ll,0.0
that it,0.0
that how,0.0
that he,0.0
that has,0.0
that ve,0.0
that time,0.0
that think,0.0
that thing,0.0
that they,0.0
that there,0.0
that song,0.0
that she,0.0
that really,0.0
that one,0.0
that not,0.0
the 2015,0.0
the 1st,0.0
thats not,0.0
that ûªs,0.0
that your,0.0
that why,0.0
that we,0.0
that way,0.0
that was,0.0
the article,0.0
the art,0.0
the app,0.0
the answers,0.0
the answer,0.0
the american,0.0
the amas,0.0
the am,0.0
the album,0.0
the actual,0.0
the 90s,0.0
the 5th,0.0
the 4th,0.0
the better,0.0
the benefits,0.0
the beginning,0.0
the bed,0.0
the beauty,0.0
the beautiful,0.0
the beach,0.0
the bathroom,0.0
the bad,0.0
the background,0.0
the back,0.0
the bullshit,0.0
the bride,0.0
the boys,0.0
the box,0.0
the book,0.0
the body,0.0
the blue,0.0
the blood,0.0
the blog,0.0
the black,0.0
the bill,0.0
the biggest,0.0
the big,0.0
the country,0.0
the concert,0.0
the computer,0.0
the city,0.0
the cinema,0.0
the christmas,0.0
the christian,0.0
the charts,0.0
the car,0.0
the bus,0.0
the crowd,0.0
good at,0.0
good and,0.0
gonna start,0.0
gonna go,0.0
golden,0.0
the cover,0.0
the dog,0.0
the doctors,0.0
the doctor,0.0
the different,0.0
the dick,0.0
the dead,0.0
the days,0.0
the date,0.0
the dark,0.0
the cutest,0.0
the current,0.0
the fake,0.0
the fact,0.0
the fa,0.0
the eyes,0.0
the eu,0.0
the entire,0.0
the edge,0.0
the earth,0.0
the dude,0.0
the dream,0.0
the free,0.0
the form,0.0
the force,0.0
the five,0.0
the final,0.0
the fight,0.0
the field,0.0
the feeling,0.0
the gospel,0.0
the gold,0.0
the goat,0.0
the girls,0.0
the future,0.0
the fun,0.0
the full,0.0
the fucking,0.0
the front,0.0
the fridge,0.0
the hero,0.0
the heat,0.0
the head,0.0
the happiness,0.0
the guy,0.0
the green,0.0
the government,0.0
the information,0.0
the info,0.0
the idea,0.0
the hype,0.0
the hunger,0.0
the hour,0.0
the hottest,0.0
the hotel,0.0
the holograms,0.0
the high,0.0
the land,0.0
the kitchen,0.0
the kind,0.0
the killer,0.0
the kid,0.0
the key,0.0
the joker,0.0
the jets,0.0
the iphone,0.0
the interview,0.0
the internet,0.0
the inside,0.0
the longest,0.0
the long,0.0
the live,0.0
the little,0.0
the line,0.0
the lights,0.0
the light,0.0
the left,0.0
the league,0.0
the latest,0.0
the largest,0.0
the mirror,0.0
the military,0.0
the middle,0.0
the match,0.0
the main,0.0
the lyrics,0.0
the low,0.0
the love_ùõî140,0.0
the love,0.0
the lords,0.0
the nfl,0.0
the news,0.0
the nba,0.0
the name,0.0
the music,0.0
the movie,0.0
the morning,0.0
the party,0.0
the part,0.0
the paper,0.0
the pain,0.0
the original,0.0
the ones,0.0
the oatmeal,0.0
the price,0.0
the police,0.0
the point,0.0
the playoffs,0.0
the place,0.0
the phone,0.0
the perfect,0.0
the patriots,0.0
the rings,0.0
the right,0.0
the retweets,0.0
the record,0.0
the recent,0.0
the radio,0.0
the race,0.0
the quiet,0.0
the pumpkin,0.0
the problems,0.0
the sky,0.0
the site,0.0
the side,0.0
the service,0.0
the second,0.0
the season,0.0
the sea,0.0
the school,0.0
the student,0.0
the story,0.0
the state,0.0
the start,0.0
the star,0.0
the spirit,0.0
the sound,0.0
the songs,0.0
the song,0.0
the tl,0.0
the tickets,0.0
the thought,0.0
the things,0.0
the thing,0.0
the the,0.0
the team,0.0
the sweetest,0.0
the support,0.0
the sunday,0.0
the value,0.0
the universe,0.0
the united,0.0
the uk,0.0
the type,0.0
the tv,0.0
the truck,0.0
the trash,0.0
the train,0.0
the tower,0.0
the tour,0.0
the tories,0.0
the white,0.0
the west,0.0
the weekend,0.0
the website,0.0
the weather,0.0
the washington,0.0
the walls,0.0
the video,0.0
their own,0.0
their families,0.0
theater,0.0
the û_,0.0
the years,0.0
the winter,0.0
the wind,0.0
the win,0.0
them with,0.0
them via,0.0
them the,0.0
them so,0.0
them on,0.0
them like,0.0
them just,0.0
them from,0.0
them but,0.0
them all,0.0
their sophisti,0.0
there are,0.0
there always,0.0
theory,0.0
then we,0.0
then they,0.0
then she,0.0
then get,0.0
themselves,0.0
these are,0.0
these 24,0.0
theres,0.0
therefore,0.0
there with,0.0
there will,0.0
there were,0.0
there to,0.0
there this,0.0
there so,0.0
there only,0.0
there no,0.0
there just,0.0
they need,0.0
they ll,0.0
they know,0.0
they get,0.0
they didn,0.0
they can,0.0
they all,0.0
thing and,0.0
thing about,0.0
thing _ù,0.0
theyre,0.0
they would,0.0
they will,0.0
they want,0.0
they ve,0.0
they should,0.0
they say,0.0
they never,0.0
think is,0.0
think he,0.0
think and,0.0
think about,0.0
things you,0.0
things to,0.0
things and,0.0
things about,0.0
thing to,0.0
thing is,0.0
thing ever,0.0
this afternoon,0.0
third,0.0
thinks,0.0
thinking that,0.0
thinking about,0.0
think we,0.0
think they,0.0
think so,0.0
think ll,0.0
think it,0.0
this little,0.0
this it,0.0
this isn,0.0
this https,0.0
this guy,0.0
this girl,0.0
this evening,0.0
this but,0.0
this at,0.0
this was,0.0
this video,0.0
this tweet,0.0
this so,0.0
this season,0.0
this point,0.0
this new,0.0
this morning,0.0
this may,0.0
thoughts,0.0
thought was,0.0
thought of,0.0
thought it,0.0
though it,0.0
thot,0.0
those are,0.0
thisiswhyweplay sweepstakes,0.0
thisiswhyweplay,0.0
tickets,0.0
thus,0.0
thursday,0.0
thru,0.0
thrown,0.0
threw,0.0
three days,0.0
time in,0.0
time https,0.0
time but,0.0
time again,0.0
tim,0.0
till,0.0
tight,0.0
tip,0.0
tina campbell,0.0
tina campbel,0.0
tina,0.0
times and,0.0
timeline,0.0
time you,0.0
time with,0.0
time when,0.0
time the,0.0
time that,0.0
time on,0.0
to break,0.0
to bed,0.0
to become,0.0
to back,0.0
to ask,0.0
to amaze,0.0
tix,0.0
tired of,0.0
tired and,0.0
to create,0.0
to cook,0.0
to continue,0.0
to clean,0.0
to class,0.0
to choose,0.0
to check,0.0
to change,0.0
to celebrate,0.0
to catch,0.0
to call,0.0
to buy,0.0
to explain,0.0
to everyone,0.0
to end,0.0
to each,0.0
to drop,0.0
to drive,0.0
to high,0.0
to hear,0.0
to happen,0.0
to grow,0.0
to give,0.0
to france,0.0
to forget,0.0
to follow,0.0
to fix,0.0
to find,0.0
to fight,0.0
to feel,0.0
to live,0.0
to let,0.0
to leave,0.0
to learn,0.0
to play,0.0
to people,0.0
to other,0.0
to one,0.0
to not,0.0
to me_ùõò,0.0
to sit,0.0
to shut,0.0
to show,0.0
108,0.0
10k,0.0
2012,0.0
to say,0.0
15 and,0.0
to run,0.0
to ride,0.0
00,0.0
to realize,0.0
to read,0.0
to put,0.0
to prove,0.0
to that,0.0
to thank,0.0
10 000,0.0
to target,0.0
10 days,0.0
to take,0.0
100 and,0.0
14,0.0
2nd,0.0
to stop,0.0
277,0.0
26,0.0
25,0.0
to spend,0.0
24,0.0
to smoke,0.0
to what,0.0
to wear,0.0
23,0.0
22,0.0
to vote,0.0
2016,0.0
to use,0.0
2015,0.0
2014,0.0
to try,0.0
10 minutes,0.0
to those,0.0
to this,0.0
to think,0.0
to them,0.0
to their,0.0
happy with,0.0
happy to,0.0
going for,0.0
happiness thank,0.0
happier,0.0
goes to,0.0
goes on,0.0
happened,0.0
gods,0.0
goddess,0.0
happen to,0.0
god is,0.0
god for,0.0
god bless,0.0
god and,0.0
happen all,0.0
today with,0.0
today was,0.0
today to,0.0
today on,0.0
harry_styles thank,0.0
harry_styles how,0.0
today https,0.0
today he,0.0
today but,0.0
harry_styles hi,0.0
today _ù_â,0.0
toast,0.0
to youtube,0.0
to your,0.0
harry_styles _ù,0.0
to write,0.0
harm,0.0
tongue,0.0
tone,0.0
hardy,0.0
tomorrow and,0.0
harder,0.0
tom,0.0
told you,0.0
hard to,0.0
hard and,0.0
hair and,0.0
told him,0.0
hahaha,0.0
together but,0.0
had to,0.0
toe,0.0
had no,0.0
tools,0.0
tool,0.0
had dream,0.0
took it,0.0
ha ha,0.0
ha,0.0
has added,0.0
harry_styles your,0.0
have been,0.0
too and,0.0
too _ù,0.0
hated,0.0
tons,0.0
hate the,0.0
hasn,0.0
toys,0.0
town,0.0
hashtag,0.0
has to,0.0
tour next,0.0
has changed,0.0
have two,0.0
have this,0.0
have that,0.0
total,0.0
tory,0.0
torn,0.0
have some,0.0
tori,0.0
topic,0.0
top of,0.0
have one,0.0
have my,0.0
transponder snail,0.0
transponder,0.0
have kids,0.0
have just,0.0
have gone,0.0
training,0.0
trainer,0.0
he is,0.0
traffic,0.0
traditional,0.0
trading,0.0
trade,0.0
tracks,0.0
track,0.0
he got,0.0
he goes,0.0
triggered email,0.0
triggered,0.0
tried to,0.0
he gets,0.0
trick,0.0
he does,0.0
trees,0.0
tree and,0.0
he didn,0.0
trecru https,0.0
trecru,0.0
treatyourfamily,0.0
treat,0.0
he did,0.0
having to,0.0
truth is,0.0
truth https,0.0
truth and,0.0
truth about,0.0
having good,0.0
trust me,0.0
havent,0.0
trump,0.0
heal,0.0
true and,0.0
true,0.0
truck,0.0
headache,0.0
trouble up,0.0
head and,0.0
turn the,0.0
turn on,0.0
turn it,0.0
turn into,0.0
he the,0.0
he said,0.0
tunnel,0.0
tunes,0.0
he really,0.0
tuesday,0.0
he made,0.0
he just,0.0
heaven,0.0
try to,0.0
try the,0.0
hearts,0.0
tweeps gained,0.0
tweeps,0.0
tweep unfollowed,0.0
heart mind,0.0
tweep,0.0
heart and,0.0
twat,0.0
tvtelehit yoquiero,0.0
tvtelehit,0.0
tv shows,0.0
heard the,0.0
turns,0.0
turning,0.0
turned out,0.0
hear made,0.0
healthy and,0.0
healthy,0.0
two days,0.0
health https,0.0
twitter and,0.0
health and,0.0
twins,0.0
her and,0.0
helps,0.0
help you,0.0
help with,0.0
help the,0.0
tweeted,0.0
tweet the,0.0
tweet me,0.0
help me,0.0
heroine ûªs,0.0
heroine,0.0
uncomfortable,0.0
unbelievable,0.0
un,0.0
umm,0.0
um,0.0
hero,0.0
uklabour,0.0
here is,0.0
ugly,0.0
her pls,0.0
typo,0.0
type of,0.0
her in,0.0
ty,0.0
tx,0.0
uniform,0.0
uni,0.0
unfollowers via,0.0
unfollowers stats,0.0
hilarious,0.0
unfollower stats,0.0
unfollower,0.0
hike,0.0
unfollowed goodbye,0.0
hii harry_styles,0.0
unfollow,0.0
undertaker,0.0
high definition,0.0
understand how,0.0
high and,0.0
hide,0.0
hi my,0.0
up _ù,0.0
until the,0.0
his own,0.0
his fulani,0.0
unknown,0.0
university of,0.0
university,0.0
universe,0.0
united states,0.0
his co,0.0
unit if,0.0
unit https,0.0
unit,0.0
hiring,0.0
union,0.0
up when,0.0
up we,0.0
up to,0.0
up this,0.0
hip,0.0
himself 34,0.0
himself,0.0
him out,0.0
him in,0.0
up next,0.0
up my,0.0
hillaryclinton,0.0
holograms,0.0
up from,0.0
holidays,0.0
up at,0.0
hole,0.0
holding,0.0
urge,0.0
hoes,0.0
upstairs,0.0
hoe,0.0
ups,0.0
hockey,0.0
updates from,0.0
updates,0.0
hmu,0.0
hits,0.0
upcoming,0.0
his phone,0.0
up you,0.0
honestly,0.0
using,0.0
username,0.0
user,0.0
homework and,0.0
used it,0.0
homes,0.0
use the,0.0
use of,0.0
home to,0.0
use it,0.0
home on,0.0
usd,0.0
hot dogs,0.0
us to,0.0
us https,0.0
hot and,0.0
ve read,0.0
horse,0.0
horrible,0.0
ve heard,0.0
hoping,0.0
hopes,0.0
ve ever,0.0
ve done,0.0
hope the,0.0
ve always,0.0
van,0.0
value of,0.0
value,0.0
vacation,0.0
hope that,0.0
using the,0.0
victims,0.0
vice,0.0
hope it,0.0
hope for,0.0
how are,0.0
via etsy,0.0
via change,0.0
veterans,0.0
very much,0.0
how about,0.0
version of,0.0
house and,0.0
vegetarian,0.0
vegas,0.0
hours of,0.0
ve seen,0.0
views,0.0
viewers,0.0
view,0.0
videos,0.0
videomarketing,0.0
video to,0.0
video on,0.0
video james,0.0
video is,0.0
hours later,0.0
video from,0.0
video and,0.0
hottest,0.0
hotline bling,0.0
victory,0.0
victoria,0.0
guys are,0.0
vlog,0.0
guy in,0.0
visiting,0.0
visited,0.0
visit in,0.0
guitar,0.0
vision,0.0
visa,0.0
guide,0.0
guarantee,0.0
gsi super,0.0
hug,0.0
vine by,0.0
how we,0.0
how was,0.0
how they,0.0
vous,0.0
voting,0.0
votes,0.0
voteonedirection,0.0
voted to,0.0
how sardar,0.0
how many,0.0
how is,0.0
hw,0.0
volume,0.0
voices,0.0
voice recorder,0.0
voice never,0.0
voice is,0.0
voice and,0.0
walk,0.0
hurts,0.0
waking up,0.0
waking,0.0
wake up,0.0
hurry,0.0
waiting to,0.0
hunger,0.0
hundred,0.0
humble,0.0
humans,0.0
human being,0.0
wait and,0.0
hugs,0.0
wa,0.0
vs having,0.0
if anyone,0.0
want and,0.0
idk how,0.0
wanna sleep,0.0
wanna go,0.0
wanna get,0.0
wanna do,0.0
wanna be,0.0
walls,0.0
idiots,0.0
idgaf,0.0
identity,0.0
walking dead,0.0
walker,0.0
walked in,0.0
idea what,0.0
id like,0.0
ice cream,0.0
ibminsight,0.0
was all,0.0
was _ù,0.0
wars,0.0
hyped,0.0
ignoring,0.0
war,0.0
ignored,0.0
ignore,0.0
igbo,0.0
if was,0.0
if this,0.0
want the,0.0
if he,0.0
was pretty,0.0
was playing,0.0
impact,0.0
imo,0.0
was never,0.0
immediately,0.0
image,0.0
im so,0.0
was it,0.0
im not,0.0
was good,0.0
ily,0.0
was going,0.0
illinois is,0.0
illinois,0.0
was and,0.0
waste of,0.0
waste,0.0
wasp,0.0
illegal,0.0
in good,0.0
washing,0.0
washed,0.0
in between,0.0
in 10,0.0
was with,0.0
impudence of,0.0
impudence,0.0
was the,0.0
important,0.0
was still,0.0
in school,0.0
way it,0.0
way for,0.0
in reality,0.0
watson,0.0
in public,0.0
in our,0.0
in other,0.0
watched the,0.0
watched it,0.0
in order,0.0
in no,0.0
in new,0.0
watch homosexuals,0.0
watch and,0.0
in london,0.0
in it,0.0
we go,0.0
in https,0.0
we don,0.0
we do,0.0
we did,0.0
we could,0.0
in hotel,0.0
we aren,0.0
incredible human,0.0
we all,0.0
ways to,0.0
including,0.0
include,0.0
inc,0.0
way the,0.0
way of,0.0
we going,0.0
goat,0.0
in you,0.0
in ur,0.0
go with,0.0
go watch,0.0
in to,0.0
go through,0.0
in this,0.0
go on,0.0
in some,0.0
go for,0.0
go down,0.0
instagram and,0.0
go away,0.0
instagram,0.0
we were,0.0
we went,0.0
we ve,0.0
inspiration,0.0
insane,0.0
inner,0.0
we never,0.0
we need,0.0
we made,0.0
we love,0.0
injuries,0.0
we live,0.0
we know,0.0
we just,0.0
we had,0.0
we got,0.0
information,0.0
industry https,0.0
website,0.0
webcam voice,0.0
webcam,0.0
indian,0.0
weather updates,0.0
weather channel,0.0
independent,0.0
indeed,0.0
wearing the,0.0
into one,0.0
into my,0.0
weakness,0.0
weak,0.0
we will,0.0
internet,0.0
weight,0.0
weep with,0.0
weep,0.0
weeks,0.0
international,0.0
weekend in,0.0
weekend and,0.0
interested in,0.0
week to,0.0
week of,0.0
week https,0.0
week and,0.0
interest,0.0
intended,0.0
intelligent,0.0
integration,0.0
instantly,0.0
irish,0.0
went on,0.0
went back,0.0
iran,0.0
iowa,0.0
well the,0.0
well on,0.0
invite,0.0
well in,0.0
well as,0.0
invest,0.0
introduced,0.0
intro,0.0
weird to,0.0
is big,0.0
what going,0.0
is better,0.0
what best,0.0
what are,0.0
is being,0.0
what about,0.0
wetv star,0.0
wetv,0.0
wet,0.0
is bad,0.0
weren,0.0
were you,0.0
is back,0.0
were on,0.0
were in,0.0
what would,0.0
what we,0.0
what was,0.0
what up,0.0
what to,0.0
what this,0.0
is at,0.0
is as,0.0
what she,0.0
is and,0.0
is an,0.0
is amazing,0.0
is always,0.0
is also,0.0
is already,0.0
is he,0.0
when someone,0.0
is having,0.0
when ppl,0.0
when people,0.0
when my,0.0
is great,0.0
when im,0.0
when he,0.0
when have,0.0
when get,0.0
is good,0.0
is gonna,0.0
whats,0.0
is going,0.0
what your,0.0
is full,0.0
where do,0.0
is for,0.0
is finally,0.0
where and,0.0
is everything,0.0
when your,0.0
is definitely,0.0
is nothing,0.0
when we,0.0
when was,0.0
is more,0.0
is making,0.0
when they,0.0
when there,0.0
is impossible,0.0
when that,0.0
whilst,0.0
while you,0.0
while the,0.0
is https,0.0
is how,0.0
which one,0.0
is to,0.0
is this,0.0
is there,0.0
wherever,0.0
is that,0.0
is such,0.0
is she,0.0
where it,0.0
where is,0.0
where he,0.0
who were,0.0
is set,0.0
who wants,0.0
is right,0.0
who is,0.0
who have,0.0
is real,0.0
who doesn,0.0
who do,0.0
is out,0.0
who are,0.0
who am,0.0
white people,0.0
isnt,0.0
island,0.0
whipped,0.0
isis,0.0
why does,0.0
is your,0.0
why did,0.0
why can,0.0
is you,0.0
why am,0.0
is without,0.0
whoop,0.0
whole world,0.0
whole time,0.0
is why,0.0
whoever,0.0
who you,0.0
who work,0.0
who will,0.0
is when,0.0
will all,0.0
is watching,0.0
is very,0.0
is trying,0.0
is too,0.0
wide,0.0
it because,0.0
it be,0.0
it as,0.0
why people,0.0
why not,0.0
why it,0.0
it an,0.0
why illinois,0.0
why he,0.0
will you,0.0
will win,0.0
will take,0.0
will say,0.0
will play,0.0
will pay,0.0
it always,0.0
will never,0.0
will help,0.0
will have,0.0
will happen,0.0
it also,0.0
it already,0.0
will forever,0.0
will do,0.0
will come,0.0
it again,0.0
isupk chicago,0.0
wins,0.0
winning artist,0.0
winning,0.0
winner,0.0
wine and,0.0
isupk,0.0
windows,0.0
window,0.0
wind,0.0
win the,0.0
win and,0.0
willing to,0.0
willing,0.0
issues,0.0
it go,0.0
it gets,0.0
with him,0.0
with her,0.0
with and,0.0
with an,0.0
it fell,0.0
it even,0.0
wit,0.0
wishes,0.0
wish you,0.0
it down,0.0
wish could,0.0
it doesn,0.0
it does,0.0
wisdom,0.0
with you,0.0
with us,0.0
with tina,0.0
it didn,0.0
with them,0.0
with their,0.0
it can,0.0
with that,0.0
with someone,0.0
with some,0.0
it called,0.0
with no,0.0
it being,0.0
it looks,0.0
it like,0.0
it if,0.0
won let,0.0
won be,0.0
it has,0.0
woman on,0.0
woman and,0.0
it happens,0.0
wolf,0.0
woke up,0.0
woke,0.0
wizkid,0.0
it happen,0.0
without budget,0.0
it had,0.0
within the,0.0
it good,0.0
it gonna,0.0
words and,0.0
words,0.0
it over,0.0
word that,0.0
it or,0.0
it only,0.0
woods,0.0
it okay,0.0
wondering how,0.0
it ok,0.0
wonderful,0.0
it now,0.0
wonder what,0.0
it nice,0.0
wonder,0.0
it might,0.0
working out,0.0
working on,0.0
it means,0.0
it up,0.0
worked,0.0
it to,0.0
it time,0.0
work with,0.0
work out,0.0
it still,0.0
work in,0.0
work and,0.0
it seems,0.0
wore,0.0
it sad,0.0
words to,0.0
it right,0.0
it really,0.0
italy,0.0
italian,0.0
it û_,0.0
worry,0.0
worried,0.0
world to,0.0
world premiere,0.0
world of,0.0
it you,0.0
world https,0.0
world health,0.0
world and,0.0
it wrong,0.0
workout,0.0
worth it,0.0
go ahead,0.0
global,0.0
glenn is,0.0
glenn,0.0
glen,0.0
it won,0.0
glass,0.0
glad you,0.0
glad we,0.0
it with,0.0
it will,0.0
it when,0.0
it we,0.0
given the,0.0
given,0.0
japan,0.0
writer,0.0
write,0.0
wrestling,0.0
james,0.0
jacket,0.0
would you,0.0
would ve,0.0
would the,0.0
jack,0.0
would love,0.0
would like,0.0
would have,0.0
would do,0.0
itunes,0.0
itsleehinchy,0.0
yea,0.0
itself,0.0
its the,0.0
its not,0.0
xxx,0.0
its my,0.0
xd,0.0
xbox,0.0
x2,0.0
wwe,0.0
its just,0.0
wrote,0.0
wrong and,0.0
its all,0.0
written by,0.0
jk,0.0
jim,0.0
yet to,0.0
jets,0.0
jesus is,0.0
yep,0.0
jensen,0.0
jenner,0.0
years and,0.0
years ago,0.0
jem and,0.0
jeans,0.0
year https,0.0
jaw,0.0
jason,0.0
yeah and,0.0
jared leto,0.0
joker,0.0
joint,0.0
join us,0.0
you come,0.0
you call,0.0
join me,0.0
you be,0.0
johnson,0.0
you ask,0.0
you amp,0.0
joey,0.0
you also,0.0
jobs,0.0
you _ùõ,0.0
you _ù,0.0
york,0.0
you gotta,0.0
just about,0.0
jus,0.0
junk food,0.0
you go,0.0
junior,0.0
you from,0.0
you follow,0.0
you find,0.0
you feel,0.0
you ever,0.0
jump,0.0
judge,0.0
journal,0.0
you do,0.0
jordan,0.0
jones,0.0
you might,0.0
you mean,0.0
you make,0.0
you love,0.0
just entered,0.0
just don,0.0
you like,0.0
just called,0.0
you is,0.0
just be,0.0
just ate,0.0
you help,0.0
just as,0.0
just remember,0.0
you guys,0.0
just read,0.0
just put,0.0
just not,0.0
just my,0.0
you say,0.0
just me,0.0
you really,0.0
just make,0.0
you out,0.0
you only,0.0
you on,0.0
you not,0.0
just like,0.0
just leave,0.0
just having,0.0
just have,0.0
you when,0.0
just had,0.0
just gotta,0.0
you wanna,0.0
just tried,0.0
just took,0.0
just think,0.0
you two,0.0
just the,0.0
just stats,0.0
you this,0.0
just some,0.0
you the,0.0
just sitting,0.0
you tell,0.0
just say,0.0
your friends,0.0
your follow,0.0
your family,0.0
just said,0.0
keep up,0.0
your body,0.0
your best,0.0
keep the,0.0
your ass,0.0
young and,0.0
keep seeing,0.0
you_ù ä_ù,0.0
keep on,0.0
keep going,0.0
kayode,0.0
kate,0.0
girl who,0.0
kardashian,0.0
kidding,0.0
kick,0.0
keys,0.0
youre,0.0
your way,0.0
your time,0.0
your stats,0.0
your own,0.0
your music,0.0
your mind,0.0
your life,0.0
your kind,0.0
key to,0.0
key,0.0
youtube playlist,0.0
giveaway https,0.0
kept,0.0
ken,0.0
give up,0.0
kelly,0.0
keep your,0.0
keep you,0.0
give him,0.0
give fuck,0.0
kinda,0.0
girls at,0.0
girls are,0.0
kind and,0.0
kim,0.0
kills,0.0
killing me,0.0
killing,0.0
â_ùîù x2,0.0
â_ùîù,0.0
â_ù ûó171,0.0
killer conversion,0.0
kill me,0.0
kids but,0.0
ªç,0.0
ªá,0.0
zombie,0.0
zero,0.0
know in,0.0
yrs,0.0
yr,0.0
know if,0.0
õ_ù õ_ù,0.0
õ_ù,0.0
ô_ù ô_ù,0.0
know how,0.0
ñî,0.0
ïî_ù,0.0
ïî,0.0
know about,0.0
é_ù é_ù,0.0
é_ù,0.0
knocked,0.0
ç_ù,0.0
knock,0.0
knees,0.0
äè,0.0
ä_ù â_ù,0.0
knee,0.0
ûªs struggle,0.0
ûªs desperation,0.0
kissed,0.0
kings,0.0
ûªm ready,0.0
know why,0.0
ûªll,0.0
ûª https,0.0
know who,0.0
û_https co,0.0
û_https,0.0
û_ û_,0.0
û_ pushawardslizquens,0.0
know when,0.0
know them,0.0
giants,0.0
giant,0.0
ghost,0.0
gh,0.0
gf,0.0
getting the,0.0
getting on,0.0
ü_ù,0.0
ûó171,0.0
ûó see,0.0
know that,0.0
ûó 108,0.0
know my,0.0
ûò,0.0
know me,0.0
ûªve,0.0
know it,0.0
labor,0.0
label,0.0
get on,0.0
get off,0.0
lab,0.0
la,0.0
kwakwanso,0.0
krusherkovalev,0.0
girl from,0.0
girl and,0.0
kris jenner,0.0
gift of,0.0
gift card,0.0
kris,0.0
gif,0.0
kourtney kardashian,0.0
kourtney,0.0
knows,0.0
grimezsz,0.0
largest pink,0.0
largest,0.0
large,0.0
lane,0.0
land,0.0
get weather,0.0
get up,0.0
lame,0.0
get this,0.0
get there,0.0
lady,0.0
get that,0.0
ladies and,0.0
ladies,0.0
lad,0.0
lack of,0.0
get married,0.0
lack,0.0
get into,0.0
get in,0.0
get home,0.0
get high,0.0
lace,0.0
get excited,0.0
get back,0.0
get away,0.0
gsi,0.0
get an,0.0
german,0.0
growth,0.0
growing with,0.0
growing my,0.0
grow up,0.0
group chat,0.0
ground,0.0
gross,0.0
laugh,0.0
general,0.0
lately,0.0
gen,0.0
gear,0.0
last two,0.0
last of,0.0
last nights,0.0
gave,0.0
gate,0.0
lead,0.0
garden,0.0
garbage,0.0
lazy,0.0
laying,0.0
layers,0.0
game in,0.0
layer,0.0
gala,0.0
lay,0.0
laws,0.0
law,0.0
get along,0.0
lauren,0.0
future https,0.0
launches,0.0
funny how,0.0
funny and,0.0
launch,0.0
funniest thing,0.0
laughing,0.0
funeral,0.0
fund returns,0.0
fund,0.0
function mini,0.0
leave the,0.0
gcpr,0.0
leave it,0.0
gave up,0.0
gave me,0.0
learning,0.0
fuckin,0.0
fucked up,0.0
fucked,0.0
fuck you,0.0
learned,0.0
learn how,0.0
leaders,0.0
legit,0.0
legend,0.0
legal,0.0
gal,0.0
gained new,0.0
gained followers,0.0
gained,0.0
gain,0.0
front of,0.0
front and,0.0
left to,0.0
left the,0.0
left me,0.0
left and,0.0
leeds,0.0
fun and,0.0
lecture,0.0
leaving the,0.0
full of,0.0
full moon,0.0
leaving,0.0
leaves,0.0
let them,0.0
fucks,0.0
let that,0.0
let just,0.0
let it,0.0
let him,0.0
fuck up,0.0
fuck the,0.0
fuck that,0.0
fuck out,0.0
fuck me,0.0
fuck it,0.0
fuck is,0.0
fuck do,0.0
let her,0.0
ft,0.0
fruit,0.0
frozen,0.0
let get,0.0
from work,0.0
lessons,0.0
from that,0.0
from my,0.0
from me,0.0
from last,0.0
from kris,0.0
from his,0.0
from her,0.0
from all,0.0
fries,0.0
friendship,0.0
friends are,0.0
friends and,0.0
friends _ù,0.0
less than,0.0
friend and,0.0
legs,0.0
fridge,0.0
friday the,0.0
life in,0.0
lies,0.0
freshman,0.0
lied,0.0
lick,0.0
liberals,0.0
lewis,0.0
freaking,0.0
fraud,0.0
levels,0.0
level,0.0
fr,0.0
leto,0.0
let your,0.0
foundation,0.0
found transponder,0.0
found the,0.0
found out,0.0
found my,0.0
found in,0.0
fought,0.0
forward to,0.0
like how,0.0
like he,0.0
like causing,0.0
like can,0.0
friendly and,0.0
forgotten,0.0
forgot to,0.0
like and,0.0
forgive,0.0
forgetting,0.0
forget the,0.0
like an,0.0
forex,0.0
forevermore weep,0.0
forevermore ride,0.0
like am,0.0
light eyes,0.0
lifestyle,0.0
lifehacker,0.0
life of,0.0
france,0.0
for û_,0.0
life is,0.0
for years,0.0
for year,0.0
for ya,0.0
for work,0.0
for while,0.0
for what,0.0
for us,0.0
like why,0.0
for today,0.0
for those,0.0
for this,0.0
former,0.0
form of,0.0
like what,0.0
like was,0.0
for someone,0.0
for some,0.0
like to,0.0
for over,0.0
for our,0.0
for one,0.0
for now,0.0
for not,0.0
like that,0.0
for next,0.0
like special,0.0
like shit,0.0
like no,0.0
forest,0.0
force,0.0
for justinbieber,0.0
like months,0.0
for https,0.0
for hours,0.0
for his,0.0
for him,0.0
for her,0.0
for halloween,0.0
for growing,0.0
for game,0.0
like me,0.0
like in,0.0
like https,0.0
lingerie,0.0
for them,0.0
for their,0.0
for chance,0.0
lines,0.0
limits,0.0
for anything,0.0
for any,0.0
for another,0.0
for an,0.0
limit,0.0
for 10,0.0
liking,0.0
likely to,0.0
likely,0.0
liked youtube,0.0
for long,0.0
for like,0.0
liked the,0.0
like your,0.0
like you,0.0
like wtf,0.0
listen now,0.0
followers and,0.0
listen live,0.0
listen https,0.0
follower and,0.0
listed,0.0
lipstick,0.0
for following,0.0
lips,0.0
for everything,0.0
for describe,0.0
for day,0.0
for couple,0.0
lions,0.0
follow her,0.0
live https,0.0
folk,0.0
live here,0.0
live for,0.0
flying,0.0
live at,0.0
live and,0.0
foot,0.0
fool me,0.0
fool,0.0
foods,0.0
food https,0.0
little things,0.0
little girl,0.0
fleet,0.0
flat,0.0
flash,0.0
flag,0.0
fixed,0.0
fix your,0.0
fix,0.0
five years,0.0
five,0.0
little bit,0.0
little and,0.0
literally the,0.0
lit,0.0
follow would,0.0
follow the,0.0
listened,0.0
first of,0.0
first day,0.0
first and,0.0
fired,0.0
fire and,0.0
ll go,0.0
ll give,0.0
finished,0.0
ll get,0.0
flowers,0.0
ll do,0.0
florida,0.0
liz,0.0
flip,0.0
flesh,0.0
fleet of,0.0
living in,0.0
financial,0.0
lived,0.0
live on,0.0
live now,0.0
final,0.0
lol and,0.0
logo,0.0
locked,0.0
fitness,0.0
fit,0.0
fish and,0.0
loads of,0.0
loads,0.0
first thing,0.0
first place,0.0
fighter,0.0
load,0.0
ll take,0.0
ll stay,0.0
ll probably,0.0
ffk written,0.0
ll never,0.0
fingers,0.0
finger,0.0
fine and,0.0
look in,0.0
finds,0.0
finding,0.0
look for,0.0
look and,0.0
find it,0.0
feet,0.0
longer,0.0
long as,0.0
lonely,0.0
feeling of,0.0
lol that,0.0
films,0.0
lol he,0.0
filled,0.0
losing,0.0
file,0.0
figured,0.0
figure out,0.0
figure,0.0
fights,0.0
fighting,0.0
fed up,0.0
fed,0.0
features,0.0
lose out,0.0
lord of,0.0
looking at,0.0
few days,0.0
few,0.0
looked like,0.0
femi,0.0
females,0.0
looked at,0.0
felt like,0.0
louis,0.0
fell in,0.0
loud,0.0
lottietommo,0.0
lottie,0.0
lottery,0.0
lots of,0.0
lots,0.0
lot more,0.0
lost my,0.0
feel so,0.0
feel like,0.0
loss of,0.0
feel for,0.0
feel better,0.0
feel bad,0.0
feel about,0.0
feed,0.0
fee,0.0
loss,0.0
love them,0.0
feature,0.0
feat,0.0
love respect,0.0
fear,0.0
fb,0.0
love of,0.0
love my,0.0
love is,0.0
favor,0.0
fave art,0.0
fave,0.0
love https,0.0
fault,0.0
love how,0.0
love her,0.0
faster,0.0
lousy fund,0.0
loving,0.0
far and,0.0
lovin,0.0
loves you,0.0
loves,0.0
loved the,0.0
loved it,0.0
fani,0.0
fancy https,0.0
fancy,0.0
love_ùõî140,0.0
love you_ù,0.0
love when,0.0
love to,0.0
lyrics,0.0
family https,0.0
lunch and,0.0
families,0.0
luke,0.0
fam,0.0
lt lt,0.0
falls,0.0
fallout,0.0
lp,0.0
lower,0.0
low key,0.0
loving the,0.0
faith,0.0
magazine,0.0
madison,0.0
fairy,0.0
made you,0.0
made the,0.0
made of,0.0
fails,0.0
made it,0.0
fail,0.0
faded,0.0
facup,0.0
factor,0.0
fact that,0.0
made in,0.0
maddie,0.0
face and,0.0
fabulous,0.0
fa cup,0.0
mad at,0.0
eyes and,0.0
eyes _ùõð,0.0
machine,0.0
eye,0.0
mac,0.0
extraordinary,0.0
m0b5cywjsz,0.0
make my,0.0
exposed,0.0
explain,0.0
experiences,0.0
make me,0.0
make it,0.0
make her,0.0
expansion,0.0
exist,0.0
make ends,0.0
exercise,0.0
excuse me,0.0
make creative,0.0
exclusive,0.0
make cre,0.0
excited_ùõ _ù,0.0
excited_ùõ,0.0
excited to,0.0
excited for,0.0
make an,0.0
exception,0.0
maintenance,0.0
fab,0.0
exam,0.0
exactly what,0.0
mainstream,0.0
magical,0.0
make the,0.0
ex,0.0
evil,0.0
grey,0.0
greg hardy,0.0
greet,0.0
everything that,0.0
everything is,0.0
everything in,0.0
green,0.0
expected,0.0
greek,0.0
greed how,0.0
everydaydayiloveyou forevermore,0.0
everydaydayiloveyou,0.0
greed,0.0
greatest gift,0.0
every year,0.0
great to,0.0
great makeup,0.0
every day,0.0
great and,0.0
gratitude,0.0
man who,0.0
mama,0.0
except,0.0
excellent,0.0
makes you,0.0
make your,0.0
make up,0.0
even the,0.0
marriage,0.0
marketers,0.0
market,0.0
mark,0.0
map,0.0
many of,0.0
manga,0.0
mane,0.0
managing,0.0
everyone is,0.0
everyone else,0.0
manager,0.0
everydayiloveyou forevermore,0.0
managed to,0.0
managed,0.0
especially when,0.0
matthew,0.0
matters,0.0
matter what,0.0
equal,0.0
matter the,0.0
math,0.0
mates,0.0
ever https,0.0
ever be,0.0
eventually,0.0
match,0.0
event,0.0
evening with,0.0
master,0.0
massive,0.0
masks,0.0
mask,0.0
mary,0.0
martin,0.0
me are,0.0
mcm,0.0
even better,0.0
mcdonald,0.0
maybe we,0.0
maybe it,0.0
etsy,0.0
eternal,0.0
may have,0.0
esteem,0.0
episode of,0.0
may be,0.0
max,0.0
epic,0.0
ep,0.0
me if,0.0
entrepreneur,0.0
entire,0.0
entertainment,0.0
me he,0.0
me for,0.0
me down,0.0
enter to,0.0
enter the,0.0
enter,0.0
me don,0.0
me cause,0.0
me but,0.0
me because,0.0
english,0.0
england,0.0
engaging with,0.0
engaging,0.0
me babe,0.0
me pls,0.0
me please,0.0
enemy,0.0
me over,0.0
me out,0.0
me off,0.0
me of,0.0
episodes,0.0
end up,0.0
end the,0.0
end of,0.0
end https,0.0
me my,0.0
en,0.0
empty,0.0
employees,0.0
empire,0.0
emotionally,0.0
emotional,0.0
emojis,0.0
me little,0.0
enough for,0.0
me like,0.0
enjoying it,0.0
email,0.0
me know,0.0
me is,0.0
me into,0.0
me you,0.0
election,0.0
elected,0.0
el,0.0
me with,0.0
eh,0.0
me why,0.0
me while,0.0
ends meet,0.0
me what,0.0
ending,0.0
ended,0.0
editing,0.0
edit,0.0
edge of,0.0
edge,0.0
me too,0.0
economy,0.0
ebay,0.0
me this,0.0
me there,0.0
me spread,0.0
emoji,0.0
emma,0.0
emily,0.0
embrace,0.0
emails,0.0
email the,0.0
earth and,0.0
me so,0.0
means you,0.0
meaning,0.0
early and,0.0
mean the,0.0
mean so,0.0
meacher motion,0.0
ego,0.0
effort,0.0
effects,0.0
effective,0.0
edwards,0.0
education,0.0
edm,0.0
meacher,0.0
me_ùõò can,0.0
duo,0.0
dumped,0.0
me_ùõò,0.0
me ûó,0.0
me your,0.0
meme,0.0
member,0.0
meh,0.0
meet the,0.0
media and,0.0
east,0.0
easily,0.0
easier,0.0
ease,0.0
earthquake,0.0
media,0.0
meats cause,0.0
meats,0.0
metal,0.0
ear,0.0
messages,0.0
each and,0.0
mention,0.0
dying,0.0
dye,0.0
mental health,0.0
dv,0.0
memories,0.0
dutch,0.0
during the,0.0
mike,0.0
dumbest,0.0
might have,0.0
duke,0.0
due to,0.0
due,0.0
dudes,0.0
might be,0.0
dublin,0.0
drugs,0.0
drug,0.0
might as,0.0
might,0.0
midterm,0.0
drop,0.0
midnight,0.0
drives me,0.0
middle of,0.0
microsoft,0.0
michigan,0.0
michael5sos,0.0
dressing,0.0
michael,0.0
mets,0.0
mins,0.0
dreams,0.0
ministry,0.0
dream come,0.0
dream and,0.0
mini dv,0.0
mini,0.0
mine is,0.0
mind following,0.0
milk,0.0
dragon,0.0
milf,0.0
draft,0.0
miles,0.0
missed the,0.0
down with,0.0
down to,0.0
down the,0.0
miss the,0.0
miss it,0.0
miserable,0.0
drives,0.0
drivers,0.0
driver,0.0
drive to,0.0
mirror,0.0
miracle,0.0
minutes of,0.0
minutes later,0.0
done and,0.0
minutes and,0.0
donate to,0.0
donate,0.0
moment when,0.0
mom and,0.0
model,0.0
mobile,0.0
drawing,0.0
draw you,0.0
draw,0.0
drama,0.0
don miss,0.0
don love,0.0
don like,0.0
mixtape,0.0
mix,0.0
don have,0.0
don go,0.0
mistake,0.0
mississippi,0.0
months of,0.0
months and,0.0
month,0.0
dorsethour,0.0
money to,0.0
money on,0.0
door and,0.0
mondaymotivation,0.0
doing the,0.0
doing it,0.0
dogs and,0.0
monday and,0.0
mon,0.0
momma,0.0
morning and,0.0
more you,0.0
more tomorrow,0.0
don understand,0.0
more to,0.0
don take,0.0
don stop,0.0
more than,0.0
don need,0.0
more of,0.0
more https,0.0
more excited,0.0
more at,0.0
more and,0.0
more about,0.0
don give,0.0
don get,0.0
don forget,0.0
moral,0.0
don do,0.0
don care,0.0
moon,0.0
don be,0.0
dolphineret,0.0
dollars,0.0
dogs,0.0
mountain,0.0
motivation,0.0
doesn mean,0.0
mothers,0.0
doesn give,0.0
doesn get,0.0
doesn even,0.0
most people,0.0
does the,0.0
most important,0.0
ms,0.0
documents obtaine,0.0
documents,0.0
doctors,0.0
mrs,0.0
do with,0.0
movies and,0.0
movie and,0.0
do this,0.0
do they,0.0
movement,0.0
do that,0.0
moved,0.0
move on,0.0
do people,0.0
do not,0.0
do my,0.0
multiple,0.0
multi grammy,0.0
multi function,0.0
multi,0.0
do have,0.0
do do,0.0
much you,0.0
much to,0.0
much more,0.0
dm,0.0
dj,0.0
diy,0.0
division,0.0
diversity,0.0
distance,0.0
much love,0.0
disney,0.0
much for,0.0
much better,0.0
doc,0.0
discovered,0.0
much as,0.0
disappointed,0.0
disagree,0.0
dirty,0.0
much appreciated,0.0
director,0.0
direction,0.0
my ass,0.0
digital products,0.0
my app,0.0
my age,0.0
my account,0.0
mvp,0.0
mv,0.0
must drive,0.0
music video,0.0
music is,0.0
didn want,0.0
didn think,0.0
didn know,0.0
didn have,0.0
music and,0.0
my dreams,0.0
my daughter,0.0
my cat,0.0
disick,0.0
my brother,0.0
disease,0.0
my boyfriend,0.0
discussing,0.0
discuss,0.0
my boy,0.0
my birthday,0.0
my baby,0.0
my hand,0.0
my hair,0.0
my grandma,0.0
digital entrepreneur,0.0
my friend,0.0
dig,0.0
difficult,0.0
my first,0.0
difference between,0.0
my favorite,0.0
diet,0.0
died and,0.0
died,0.0
my fave,0.0
my fav,0.0
my face,0.0
my opinion,0.0
didn get,0.0
my mum,0.0
my mother,0.0
my most,0.0
did the,0.0
did that,0.0
my man,0.0
did it,0.0
did for,0.0
my little,0.0
dick and,0.0
my job,0.0
diabetes,0.0
my tl,0.0
my thing,0.0
my teacher,0.0
development,0.0
details,0.0
destroyed,0.0
my stomach,0.0
my son,0.0
desperation pushawardslizquens,0.0
desperation,0.0
my sisters,0.0
my sister,0.0
designer,0.0
designed,0.0
my shit,0.0
my seat,0.0
my school,0.0
describe all,0.0
my real,0.0
depression,0.0
depends on,0.0
depends,0.0
nail,0.0
deny,0.0
nah,0.0
dems,0.0
mystery,0.0
mysteries of,0.0
mysteries,0.0
myself to,0.0
diamond,0.0
defense,0.0
myself and,0.0
my wife,0.0
my tweets,0.0
near the,0.0
navy,0.0
national,0.0
nation,0.0
nasty,0.0
nascar,0.0
nan,0.0
names,0.0
design,0.0
deserving,0.0
deserves,0.0
deserve the,0.0
named,0.0
democracy,0.0
name of,0.0
demand,0.0
deliver,0.0
delicious,0.0
deleted,0.0
delayed,0.0
delay the,0.0
delay tax,0.0
neighborhood,0.0
definition of,0.0
definition 3mp,0.0
neighbor,0.0
definitely the,0.0
negativity,0.0
negative,0.0
decisions,0.0
decision,0.0
decides,0.0
decided to,0.0
need the,0.0
decide,0.0
need more,0.0
december,0.0
decade,0.0
dec,0.0
debut,0.0
debt,0.0
need it,0.0
necessary,0.0
new day,0.0
new and,0.0
deals,0.0
dealing with,0.0
dealing,0.0
new album,0.0
deal,0.0
never want,0.0
never been,0.0
network,0.0
nest,0.0
daytime,0.0
nerve,0.0
news https,0.0
defender,0.0
news and,0.0
newest,0.0
day so,0.0
newcastle,0.0
day of,0.0
new york,0.0
day much,0.0
day know,0.0
new video,0.0
new unfollower,0.0
new to,0.0
new phone,0.0
new music,0.0
debate,0.0
new https,0.0
nick,0.0
nicest,0.0
dean,0.0
nice you,0.0
nice to,0.0
niall,0.0
ngl,0.0
nfl,0.0
nexus,0.0
next year,0.0
next week,0.0
next two,0.0
next to,0.0
next time,0.0
day ûªm,0.0
next day,0.0
day with,0.0
no matter,0.0
day thank,0.0
no longer,0.0
no it,0.0
day growing,0.0
day get,0.0
day for,0.0
day at,0.0
no he,0.0
no but,0.0
david,0.0
dave,0.0
daughter,0.0
dating,0.0
dates,0.0
date and,0.0
date,0.0
nights,0.0
night of,0.0
dare,0.0
night https,0.0
night and,0.0
dangerous,0.0
danger,0.0
dancing,0.0
niggas that,0.0
nigerian,0.0
damage,0.0
dallas,0.0
north,0.0
dads,0.0
nor,0.0
nope,0.0
no way,0.0
cuz,0.0
cuts to,0.0
cuts and,0.0
no time,0.0
cutest,0.0
cute and,0.0
no no,0.0
no more,0.0
not one,0.0
customer,0.0
currently,0.0
not just,0.0
curious,0.0
not have,0.0
not good,0.0
darkness,0.0
not gonna,0.0
crying,0.0
not for,0.0
not enough,0.0
crush,0.0
not being,0.0
not as,0.0
crowd,0.0
crossed,0.0
nosey,0.0
crop,0.0
gotta be,0.0
nothing but,0.0
note,0.0
da,0.0
not with,0.0
creative,0.0
created,0.0
not what,0.0
cream,0.0
cre https,0.0
cre,0.0
not the,0.0
crash,0.0
not sure,0.0
not so,0.0
not really,0.0
not over,0.0
nothing is,0.0
cup of,0.0
grateful,0.0
culture,0.0
court,0.0
grass,0.0
grandpa,0.0
grandad,0.0
grammy winning,0.0
grab,0.0
govt,0.0
gov,0.0
now it,0.0
now he,0.0
creepy,0.0
now have,0.0
credit cuts,0.0
credit,0.0
creature,0.0
creative use,0.0
now can,0.0
now _ù,0.0
november,0.0
craig,0.0
cracked,0.0
crack,0.0
cowboys,0.0
cow,0.0
covers,0.0
covered,0.0
novel,0.0
cover of,0.0
nov,0.0
cousin,0.0
courtesy https,0.0
noticed,0.0
notice,0.0
couples,0.0
couple of,0.0
nothing wrong,0.0
county,0.0
country,0.0
countries,0.0
counter,0.0
nothing to,0.0
couldn draw,0.0
couldn be,0.0
nothing like,0.0
number,0.0
could have,0.0
could go,0.0
nowplaying,0.0
cotton,0.0
costumes,0.0
now you,0.0
cost,0.0
cos,0.0
correct,0.0
now we,0.0
corn,0.0
core,0.0
copy of,0.0
now to,0.0
now so,0.0
now just,0.0
oct,0.0
ocean,0.0
obtaine https,0.0
obtaine,0.0
obsession,0.0
conversion app,0.0
obsessed with,0.0
conversations,0.0
conversation,0.0
convenient,0.0
control,0.0
obsessed,0.0
oatmeal https,0.0
nytimes,0.0
of having,0.0
of greed,0.0
of god,0.0
cough,0.0
of friends,0.0
of class,0.0
of build,0.0
odd,0.0
of our,0.0
of other,0.0
of music,0.0
of lords,0.0
of life,0.0
cope,0.0
coolest,0.0
of https,0.0
of how,0.0
cooking,0.0
cookies,0.0
cook,0.0
convo,0.0
continue,0.0
context,0.0
contest,0.0
content,0.0
contact,0.0
constantly,0.0
constant,0.0
consider,0.0
connection,0.0
connected,0.0
connect,0.0
of him,0.0
of health,0.0
congrats to,0.0
of time,0.0
of things,0.0
of these,0.0
of that,0.0
concerned,0.0
concept,0.0
con,0.0
computer and,0.0
of something,0.0
compliment,0.0
complicated,0.0
completely different,0.0
of someone,0.0
of shit,0.0
of school,0.0
of rabiu,0.0
off that,0.0
off my,0.0
community,0.0
off in,0.0
common,0.0
off for,0.0
comments,0.0
of year,0.0
coming up,0.0
of wine,0.0
oh man,0.0
oh and,0.0
confusing,0.0
confused,0.0
conflict,0.0
confidence,0.0
conference,0.0
condition,0.0
often,0.0
officially,0.0
come and,0.0
offers,0.0
offered,0.0
offensive,0.0
off work,0.0
off with,0.0
older,0.0
complain about,0.0
old boy,0.0
competition,0.0
comparing,0.0
compared,0.0
old and,0.0
oklahoma,0.0
code and,0.0
code,0.0
cock,0.0
okay with,0.0
coming to,0.0
coming from,0.0
oil,0.0
oh well,0.0
comes out,0.0
on his,0.0
on here,0.0
on her,0.0
come out,0.0
come on,0.0
come in,0.0
come home,0.0
on halloween,0.0
on friday,0.0
on facebook,0.0
combined,0.0
com,0.0
colors,0.0
color,0.0
college,0.0
collection,0.0
collaboration,0.0
cole,0.0
cold and,0.0
on date,0.0
on about,0.0
coffee and,0.0
coffee,0.0
coaches,0.0
coach,0.0
co stars,0.0
on them,0.0
co bfbexh0efx,0.0
on their,0.0
on that,0.0
clue,0.0
clubs,0.0
on sunday,0.0
cloud,0.0
on soundcloud,0.0
closer,0.0
on some,0.0
on saturday,0.0
on sale,0.0
climate,0.0
click here,0.0
on our,0.0
clearly,0.0
on monday,0.0
on itunes,0.0
once again,0.0
on youtube,0.0
on you,0.0
on wednesday,0.0
claim,0.0
civil,0.0
on tv,0.0
on tour,0.0
on top,0.0
on time,0.0
christian church,0.0
christian,0.0
on thursday,0.0
one to,0.0
one thing,0.0
choice,0.0
chocolate and,0.0
one that,0.0
one state,0.0
chip,0.0
one more,0.0
one ever,0.0
one direction,0.0
close to,0.0
only person,0.0
only if,0.0
only been,0.0
chicken,0.0
chick,0.0
chicago on,0.0
online,0.0
chem,0.0
chelsea,0.0
cheese,0.0
ones that,0.0
onedirection favorite,0.0
city,0.0
onedirection amas,0.0
one who,0.0
church isupk,0.0
church,0.0
opinion,0.0
opera,0.0
opens,0.0
opening,0.0
opened the,0.0
opened,0.0
open the,0.0
open for,0.0
oow15,0.0
chinese,0.0
china,0.0
chilling,0.0
chill and,0.0
onto the,0.0
onto,0.0
childhood,0.0
only way,0.0
only thing,0.0
only the,0.0
orange,0.0
or the,0.0
or on,0.0
cheaper,0.0
cheap,0.0
or is,0.0
chase,0.0
charts,0.0
or group,0.0
charity,0.0
options,0.0
charged,0.0
charge of,0.0
option,0.0
changing,0.0
changes,0.0
opposition,0.0
change your,0.0
opposed,0.0
opportunity,0.0
opportunities,0.0
otherwise,0.0
chance,0.0
other processed,0.0
champ,0.0
other night,0.0
osborne,0.0
organization,0.0
orders,0.0
cheers,0.0
ordered,0.0
order to,0.0
causing,0.0
causes,0.0
order,0.0
out that,0.0
out our,0.0
caught in,0.0
out now,0.0
out my,0.0
out https,0.0
out here,0.0
our new,0.0
otwolhappytimes pushawardsjadines,0.0
chapter,0.0
channel,0.0
case,0.0
outside,0.0
cars and,0.0
cars,0.0
carry,0.0
caring heart,0.0
caring,0.0
cares,0.0
outfit,0.0
chair,0.0
out what,0.0
certainly,0.0
certain,0.0
centre,0.0
central,0.0
out this,0.0
out these,0.0
out there,0.0
painting,0.0
paid himself,0.0
paid for,0.0
paid,0.0
pac,0.0
pa,0.0
overcome,0.0
catching,0.0
catch up,0.0
gotham,0.0
cat in,0.0
got you,0.0
got that,0.0
got so,0.0
got new,0.0
career,0.0
care and,0.0
care about,0.0
got my,0.0
got me,0.0
got in,0.0
car is,0.0
car and,0.0
gospel,0.0
captain,0.0
caps,0.0
partner,0.0
capacity,0.0
cap,0.0
parties,0.0
particular,0.0
park,0.0
candy,0.0
paris,0.0
candidate,0.0
candid,0.0
paranoid,0.0
cancelled,0.0
canadian,0.0
canada,0.0
can ûªt,0.0
can you,0.0
can we,0.0
parade,0.0
pants,0.0
can tell,0.0
panthers,0.0
can stop,0.0
panic,0.0
panda,0.0
pal,0.0
can read,0.0
patriots,0.0
patients,0.0
can help,0.0
pathetic,0.0
can have,0.0
can go,0.0
path,0.0
can even,0.0
can eat,0.0
pasta,0.0
passionate,0.0
can change,0.0
can bring,0.0
passion,0.0
passing,0.0
can and,0.0
campus,0.0
campbell an,0.0
campbell,0.0
pass,0.0
campbel,0.0
campaign,0.0
camera camcorder,0.0
camera,0.0
partnership,0.0
partners,0.0
came,0.0
camcorder webcam,0.0
camcorder,0.0
people at,0.0
calm,0.0
people are,0.0
penalty,0.0
pen,0.0
peers,0.0
called,0.0
call you,0.0
call them,0.0
call me,0.0
peace,0.0
pc,0.0
payment,0.0
bye,0.0
paying for,0.0
paying,0.0
by myself,0.0
by my,0.0
percent,0.0
people you,0.0
by her,0.0
by ffk,0.0
by femi,0.0
people who,0.0
char_iiii,0.0
people to,0.0
people that,0.0
came back,0.0
came across,0.0
butter,0.0
people on,0.0
but you,0.0
but why,0.0
but when,0.0
but what,0.0
people just,0.0
but ve,0.0
but this,0.0
but they,0.0
but there,0.0
people in,0.0
people have,0.0
people but,0.0
personality,0.0
personal,0.0
person who,0.0
but like,0.0
person unfollowed,0.0
but its,0.0
person in,0.0
but in,0.0
person and,0.0
persian,0.0
permanent,0.0
periscope,0.0
perhaps,0.0
buying,0.0
buy the,0.0
buy me,0.0
photobombs made,0.0
photobombs,0.0
photo to,0.0
busy,0.0
bust,0.0
business around,0.0
business and,0.0
business,0.0
bush,0.0
photo https,0.0
but then,0.0
phone in,0.0
but that,0.0
but still,0.0
but only,0.0
but now,0.0
but not,0.0
phase,0.0
pg,0.0
bulls,0.0
petition,0.0
built,0.0
buildings,0.0
building business,0.0
building,0.0
build up,0.0
but got,0.0
but for,0.0
but feel,0.0
but even,0.0
but don,0.0
but didn,0.0
pet,0.0
but at,0.0
brush,0.0
bruh,0.0
pics of,0.0
picking,0.0
picked up,0.0
picked,0.0
pick up,0.0
pick me,0.0
bus,0.0
burned,0.0
pic of,0.0
burger,0.0
bunch of,0.0
bunch,0.0
bun,0.0
bump,0.0
bright,0.0
physical,0.0
bride and,0.0
bride,0.0
photoset,0.0
photos of,0.0
photography,0.0
pisses me,0.0
pisses,0.0
bug,0.0
budget https,0.0
pissed,0.0
buddy,0.0
bubble,0.0
btw,0.0
bs,0.0
piss,0.0
pipe,0.0
pink and,0.0
pieces,0.0
broken,0.0
piece of,0.0
piece,0.0
pictures of,0.0
brings,0.0
picture of,0.0
bring the,0.0
bring me,0.0
bring back,0.0
play it,0.0
brilliant,0.0
plants,0.0
brian,0.0
breath,0.0
breaking,0.0
plane,0.0
plan and,0.0
bread,0.0
place you,0.0
brains,0.0
brain,0.0
place to,0.0
pizza,0.0
boys on,0.0
pitch,0.0
please and,0.0
boyfriend and,0.0
playoffs,0.0
playing with,0.0
played,0.0
bought for,0.0
play with,0.0
podcast,0.0
pocket,0.0
bother,0.0
both of,0.0
pm,0.0
bot,0.0
boss,0.0
born,0.0
plug,0.0
pls she,0.0
pleasure,0.0
please ûó79,0.0
books,0.0
please tell,0.0
book https,0.0
please love,0.0
please help,0.0
boobs,0.0
populations,0.0
bond film,0.0
population,0.0
popular,0.0
pop rock,0.0
pop,0.0
pool,0.0
box of,0.0
politicians,0.0
bowl,0.0
blushing,0.0
blunt,0.0
blues,0.0
policy,0.0
blowing,0.0
police,0.0
bloody,0.0
blood,0.0
blonde,0.0
boring,0.0
bored and,0.0
points,0.0
point of,0.0
power,0.0
booth,0.0
boom,0.0
bless,0.0
potter,0.0
blanket,0.0
pots,0.0
potential,0.0
blair,0.0
posts,0.0
posting,0.0
poster,0.0
bomb,0.0
posted,0.0
positive,0.0
bodies,0.0
bob,0.0
boat,0.0
position,0.0
porn,0.0
prefer,0.0
bird,0.0
bingo,0.0
pre,0.0
praying for,0.0
blogging,0.0
blog https,0.0
pray for,0.0
blocked,0.0
pray,0.0
praise,0.0
blind,0.0
blessing,0.0
pr,0.0
ppl are,0.0
power of,0.0
prices,0.0
price tag,0.0
previous,0.0
pretty sure,0.0
black and,0.0
pretty much,0.0
pretend,0.0
bitches,0.0
pressure,0.0
prep,0.0
bit of,0.0
bit,0.0
bishop,0.0
premiere daniel,0.0
premiere after,0.0
problem is,0.0
binge,0.0
prob,0.0
pro,0.0
private,0.0
bike,0.0
biglari paid,0.0
biglari,0.0
privacy,0.0
bigger than,0.0
bigger,0.0
big thing,0.0
big and,0.0
prison,0.0
bieber,0.0
bible,0.0
print,0.0
princess,0.0
between being,0.0
prince,0.0
primary,0.0
pride,0.0
professor,0.0
bet,0.0
bestfriends,0.0
best way,0.0
products and,0.0
best talkradio,0.0
productive,0.0
production,0.0
processed meat,0.0
problems with,0.0
best feeling,0.0
best decision,0.0
best artist,0.0
best and,0.0
besides,0.0
beside me,0.0
beside,0.0
problems and,0.0
bernie,0.0
benefits of,0.0
protect,0.0
properly,0.0
promoting,0.0
bfbexh0efx,0.0
bf,0.0
beyond,0.0
believe the,0.0
believe it,0.0
believe in,0.0
project,0.0
being the,0.0
progressive,0.0
progress,0.0
program,0.0
being able,0.0
profit,0.0
professors,0.0
punch,0.0
pumpkins,0.0
best friends,0.0
best friend,0.0
best for,0.0
pulls,0.0
before the,0.0
before and,0.0
pulling,0.0
pub,0.0
been using,0.0
provide,0.0
been through,0.0
proved,0.0
prove,0.0
benefit,0.0
ben carson,0.0
ben,0.0
proud of,0.0
quad,0.0
believes,0.0
qb,0.0
put your,0.0
put on,0.0
become,0.0
because you,0.0
because they,0.0
put it,0.0
put in,0.0
behind you,0.0
pussy,0.0
pushed,0.0
push,0.0
beginning of,0.0
beginning,0.0
purpose,0.0
quiet,0.0
quick,0.0
question,0.0
queens,0.0
beating,0.0
beat,0.0
queen,0.0
quarter,0.0
been there,0.0
been the,0.0
quality multi,0.0
been in,0.0
quality,0.0
quake,0.0
bedroom,0.0
bed and,0.0
rap,0.0
raise,0.0
raining,0.0
rain,0.0
be something,0.0
racist,0.0
because the,0.0
because she,0.0
because of,0.0
race,0.0
because he,0.0
because don,0.0
rabiu,0.0
became,0.0
beauty and,0.0
beauty,0.0
beautiful voice,0.0
re just,0.0
re having,0.0
re at,0.0
raw,0.0
beast,0.0
rate,0.0
beard and,0.0
beard,0.0
bear,0.0
beans,0.0
beach,0.0
be your,0.0
be worth,0.0
rat,0.0
rare fancy,0.0
be this,0.0
dey,0.0
rapper,0.0
rape,0.0
be no,0.0
be nice,0.0
read this,0.0
read the,0.0
read it,0.0
read below,0.0
be huge,0.0
be honest,0.0
be home,0.0
be happy,0.0
be great,0.0
read and,0.0
reach,0.0
re the,0.0
be at,0.0
be any,0.0
be and,0.0
be an,0.0
be able,0.0
re right,0.0
bday,0.0
bc you,0.0
bc they,0.0
re my,0.0
bbq,0.0
really just,0.0
really good,0.0
really don,0.0
realized,0.0
bathroom,0.0
realize the,0.0
realise,0.0
realdonaldtrump,0.0
based on,0.0
real quick,0.0
real life,0.0
reading the,0.0
baroness meacher,0.0
baroness,0.0
baron,0.0
recognise,0.0
recipe,0.0
be done,0.0
recent,0.0
be back,0.0
received,0.0
balance,0.0
receive,0.0
bags,0.0
reasons why,0.0
bag and,0.0
reasons,0.0
reason why,0.0
reason to,0.0
reason and,0.0
remake,0.0
bbcnews,0.0
bbc,0.0
bay,0.0
battle,0.0
battery,0.0
remain,0.0
relevant,0.0
relax,0.0
relationships,0.0
refusing,0.0
refuse to,0.0
red and,0.0
recording,0.0
barlow,0.0
recorder for,0.0
banned,0.0
banks,0.0
recorder,0.0
band,0.0
bam,0.0
balls,0.0
badass,0.0
bad the,0.0
research,0.0
bad as,0.0
bad and,0.0
representation,0.0
report,0.0
bacon,0.0
backwards,0.0
backpack,0.0
background,0.0
back with,0.0
back together,0.0
reply,0.0
back the,0.0
remove,0.0
reminds,0.0
reminder,0.0
back of,0.0
remember when,0.0
back home,0.0
back from,0.0
back for,0.0
back at,0.0
remember the,0.0
baby vs,0.0
baby and,0.0
rewards,0.0
reviews,0.0
babe _ùª,0.0
b4,0.0
badly,0.0
aww,0.0
awkward,0.0
awhile,0.0
awful,0.0
reunion,0.0
retweets,0.0
away https,0.0
away from,0.0
retweet,0.0
returns documents,0.0
returns,0.0
return,0.0
award,0.0
awake,0.0
aw,0.0
rethink,0.0
average,0.0
available,0.0
autumn,0.0
restaurant,0.0
respect for,0.0
author,0.0
rights,0.0
right way,0.0
right next,0.0
auctioned price,0.0
auctioned,0.0
attitude,0.0
right https,0.0
right and,0.0
riding,0.0
ride the,0.0
at you,0.0
rid of,0.0
at what,0.0
rid,0.0
richardbranson,0.0
at that,0.0
rich and,0.0
at one,0.0
at night,0.0
rich,0.0
rock at,0.0
rock amas,0.0
road trip,0.0
risk,0.0
avoid,0.0
avi,0.0
at his,0.0
at him,0.0
at her,0.0
at all,0.0
at 30,0.0
at 15m,0.0
assuming,0.0
ass https,0.0
rise,0.0
ripped,0.0
attend,0.0
attempt,0.0
attacked,0.0
attack,0.0
atleast,0.0
rip,0.0
ask me,0.0
ask for,0.0
rings,0.0
asia,0.0
asf _ù,0.0
ring,0.0
rules,0.0
ruining,0.0
ruined,0.0
ruin,0.0
rude,0.0
royal,0.0
rough,0.0
rooney,0.0
at https,0.0
at home,0.0
romanatwood,0.0
as https,0.0
as he,0.0
as fuck,0.0
said the,0.0
said it,0.0
said he,0.0
asks,0.0
asking me,0.0
ryan,0.0
russia,0.0
runs,0.0
asked for,0.0
sausage,0.0
ask you,0.0
ask the,0.0
saudi,0.0
sauce,0.0
sardar biglari,0.0
sardar,0.0
asf,0.0
sarcasm,0.0
as you,0.0
sandwich,0.0
as we,0.0
as they,0.0
sanders,0.0
as she,0.0
as old,0.0
as my,0.0
as much,0.0
as long,0.0
army,0.0
arm,0.0
arianagrande,0.0
argument,0.0
same with,0.0
as bad,0.0
as an,0.0
as always,0.0
same way,0.0
artists,0.0
sam,0.0
artist couldn,0.0
artist and,0.0
artist _ùõã_ùõü,0.0
sales,0.0
articles,0.0
are still,0.0
saying,0.0
are pretty,0.0
are people,0.0
art but,0.0
say the,0.0
art,0.0
say that,0.0
say hi,0.0
arrived,0.0
around you,0.0
say fuck,0.0
say anything,0.0
around digital,0.0
around and,0.0
saw this,0.0
saving,0.0
saved,0.0
save the,0.0
savage,0.0
scope,0.0
arguing,0.0
argue with,0.0
argue,0.0
scientists,0.0
aren,0.0
area,0.0
science,0.0
are we,0.0
are trying,0.0
scenes,0.0
are these,0.0
scary,0.0
are now,0.0
scars,0.0
are my,0.0
are more,0.0
scared and,0.0
are made,0.0
scared,0.0
are interested,0.0
are in,0.0
are good,0.0
are gonna,0.0
scale,0.0
are fucking,0.0
are easy,0.0
sc,0.0
are always,0.0
are all,0.0
seconds,0.0
appreciated,0.0
appreciate,0.0
appointment,0.0
apply to,0.0
seat,0.0
applied,0.0
applications,0.0
apple,0.0
season and,0.0
search,0.0
sea,0.0
screaming,0.0
scream,0.0
anyways,0.0
anyway,0.0
anything to,0.0
anything else,0.0
anything and,0.0
scott,0.0
anyone who,0.0
scores,0.0
scored,0.0
score,0.0
scope find,0.0
seed,0.0
see where,0.0
are coming,0.0
are awesome,0.0
are at,0.0
see what,0.0
see them,0.0
see if,0.0
annoyed,0.0
announced,0.0
announce,0.0
anniversary,0.0
see her,0.0
see all,0.0
appearance,0.0
security,0.0
app scope,0.0
app https,0.0
section,0.0
selfless and,0.0
apart,0.0
selfie,0.0
self,0.0
selena,0.0
sees,0.0
seen the,0.0
seen in,0.0
seems to,0.0
any of,0.0
any more,0.0
seem to,0.0
anxiety,0.0
anti,0.0
seem,0.0
answered,0.0
serious,0.0
sentence,0.0
sensitive,0.0
anna,0.0
anime,0.0
animated,0.0
animals,0.0
senior,0.0
sends,0.0
send me,0.0
angel,0.0
sell,0.0
and û_,0.0
sex and,0.0
and yet,0.0
and yes,0.0
sex,0.0
seven,0.0
and women,0.0
and win,0.0
setting,0.0
and why,0.0
and who,0.0
set up,0.0
set to,0.0
set of,0.0
and wetv,0.0
and went,0.0
services is,0.0
seriously,0.0
she was,0.0
and watch,0.0
she the,0.0
she said,0.0
she not,0.0
she loves,0.0
and very,0.0
she ll,0.0
and use,0.0
she just,0.0
she is,0.0
and understand,0.0
and under,0.0
and two,0.0
and turn,0.0
and trying,0.0
and try,0.0
she has,0.0
sharing,0.0
share,0.0
and time,0.0
shall,0.0
and thought,0.0
and those,0.0
shake,0.0
and thinking,0.0
shorts,0.0
shop,0.0
and therefore,0.0
shooting,0.0
shitty,0.0
shit you,0.0
ship,0.0
and wanted,0.0
and want,0.0
and wanna,0.0
shine,0.0
shout out,0.0
and stay,0.0
and started,0.0
and start,0.0
and sometimes,0.0
shout,0.0
shouldn be,0.0
shoulder,0.0
should ve,0.0
should not,0.0
should have,0.0
should get,0.0
and told,0.0
and to,0.0
shots,0.0
and science,0.0
and says,0.0
and saying,0.0
shot,0.0
and saw,0.0
sigh,0.0
sick of,0.0
sick and,0.0
shows,0.0
and thank,0.0
and tell,0.0
and talk,0.0
and taking,0.0
and take,0.0
and stuff,0.0
shower,0.0
showed,0.0
and proud,0.0
and processed,0.0
and probably,0.0
and pray,0.0
sing,0.0
simply,0.0
similar,0.0
silent,0.0
silence,0.0
signed,0.0
sign up,0.0
sign of,0.0
and services,0.0
and send,0.0
six,0.0
and nothing,0.0
situations,0.0
sitting in,0.0
sitting here,0.0
sit in,0.0
and save,0.0
sit down,0.0
and sad,0.0
and run,0.0
and roll,0.0
and rick,0.0
and retweet,0.0
and red,0.0
and really,0.0
and ready,0.0
and read,0.0
sit and,0.0
sister,0.0
sis,0.0
sir,0.0
and paper,0.0
sink,0.0
good day,0.0
and our,0.0
smash,0.0
and or,0.0
sleepy,0.0
and one,0.0
sleeping,0.0
and ok,0.0
sleep and,0.0
slap,0.0
sketch,0.0
and new,0.0
and never,0.0
size,0.0
google,0.0
and most,0.0
goodbye me,0.0
and money,0.0
good to,0.0
and might,0.0
and mean,0.0
good night,0.0
and maybe,0.0
good just,0.0
good job,0.0
good in,0.0
and louis,0.0
and lost,0.0
and looking,0.0
good enough,0.0
so bad,0.0
and listen,0.0
so annoying,0.0
snow,0.0
and left,0.0
snap,0.0
smoking,0.0
smith,0.0
smiles,0.0
so he,0.0
and none,0.0
and nobody,0.0
and jack,0.0
so genuine,0.0
and is,0.0
so fucking,0.0
so far,0.0
so excited_ùõ,0.0
and idc,0.0
so excited,0.0
so damn,0.0
so cute,0.0
so close,0.0
and may,0.0
so true,0.0
so today,0.0
so this,0.0
so they,0.0
so so,0.0
and health,0.0
so perfect,0.0
so now,0.0
and haven,0.0
so nice,0.0
and hate,0.0
and has,0.0
so my,0.0
solution,0.0
solo,0.0
and last,0.0
and know,0.0
sold out,0.0
and keep,0.0
and join,0.0
and going,0.0
and goes,0.0
soft,0.0
society,0.0
and getting,0.0
social media,0.0
soccer,0.0
soap,0.0
and human,0.0
so we,0.0
someone who,0.0
and hope,0.0
someone to,0.0
and here,0.0
someone is,0.0
and height,0.0
and finally,0.0
and feel,0.0
and family,0.0
someone else,0.0
someone and,0.0
somehow,0.0
and hair,0.0
and had,0.0
and grow,0.0
and groom,0.0
some shit,0.0
and green,0.0
and great,0.0
and got,0.0
and google,0.0
and good,0.0
some people,0.0
some girls,0.0
solutions,0.0
songs on,0.0
song is,0.0
song and,0.0
and funny,0.0
son,0.0
and fucking,0.0
and fuck,0.0
somewhere,0.0
and free,0.0
and found,0.0
and for,0.0
and food,0.0
sometimes you,0.0
and everything,0.0
and everyone,0.0
and everybody,0.0
sometimes just,0.0
and even,0.0
and enjoy,0.0
and engaging,0.0
and end,0.0
and emotionally,0.0
and eat,0.0
and drink,0.0
and down,0.0
something so,0.0
and doesn,0.0
something new,0.0
something and,0.0
sounds,0.0
soundcloud,0.0
and come,0.0
and cold,0.0
sound like,0.0
and catch,0.0
and caring,0.0
sort of,0.0
and by,0.0
and buy,0.0
sort,0.0
and blue,0.0
and better,0.0
sorry for,0.0
sorry but,0.0
and fall,0.0
and at,0.0
and ask,0.0
sophisti https,0.0
and an,0.0
sophisti,0.0
sophie,0.0
and always,0.0
and also,0.0
and already,0.0
and almost,0.0
specific,0.0
species,0.0
special agents,0.0
and didn,0.0
speaker,0.0
and crying,0.0
and adele,0.0
and actually,0.0
and about,0.0
and 20,0.0
speak,0.0
an old,0.0
an issue,0.0
an incredible,0.0
spanish,0.0
soundtrack,0.0
an episode,0.0
split,0.0
and become,0.0
spin,0.0
and be,0.0
and back,0.0
spiked,0.0
amp so,0.0
spending,0.0
amp amp,0.0
amount of,0.0
spell,0.0
among the,0.0
among,0.0
speed,0.0
spectre the,0.0
spectre premiere,0.0
st,0.0
squad,0.0
and again,0.0
and after,0.0
and admiration,0.0
amaze,0.0
spy,0.0
amas https,0.0
spring,0.0
spread the,0.0
spread,0.0
sport,0.0
am and,0.0
am about,0.0
spoken,0.0
spoke,0.0
spoil,0.0
an awesome,0.0
an article,0.0
an amazing,0.0
amy,0.0
although,0.0
alternative,0.0
also the,0.0
stars certainly,0.0
alright,0.0
already and,0.0
stars and,0.0
star tina,0.0
along with,0.0
along the,0.0
america,0.0
star is,0.0
star,0.0
amazing _ù,0.0
standard,0.0
amaze me,0.0
stage,0.0
allie,0.0
allah,0.0
stadium,0.0
stats for,0.0
all we,0.0
station,0.0
states,0.0
all those,0.0
state and,0.0
all they,0.0
starts at,0.0
always the,0.0
starting to,0.0
always been,0.0
still alive,0.0
stick,0.0
stfu,0.0
steve jobs,0.0
all it,0.0
all is,0.0
all in,0.0
all have,0.0
all for,0.0
steve,0.0
steak,0.0
staying in,0.0
staying,0.0
stayed,0.0
almost,0.0
status,0.0
stopped,0.0
aldubpredictions,0.0
album mind,0.0
stomach,0.0
stockings,0.0
alarm,0.0
al,0.0
stock,0.0
airport,0.0
stitch,0.0
all these,0.0
still no,0.0
all that,0.0
still in,0.0
all please,0.0
all over,0.0
all on,0.0
ahead,0.0
still haven,0.0
agreed,0.0
still got,0.0
still get,0.0
ago and,0.0
still don,0.0
ages,0.0
strength,0.0
street,0.0
all and,0.0
all about,0.0
strange,0.0
straight to,0.0
ali,0.0
story of,0.0
again _ù,0.0
afterwards,0.0
story and,0.0
storm,0.0
after my,0.0
after months,0.0
stories,0.0
stops,0.0
student,0.0
aint,0.0
ain shit,0.0
stuck,0.0
aids,0.0
struggle to,0.0
ahh,0.0
ahead and,0.0
advice,0.0
struggle is,0.0
advantage,0.0
adults,0.0
adult,0.0
strongest,0.0
stronger,0.0
strong enough,0.0
agents,0.0
agent,0.0
agency,0.0
strings,0.0
strike,0.0
against the,0.0
stressing,0.0
again and,0.0
stress,0.0
successful,0.0
success,0.0
subject,0.0
sub,0.0
style,0.0
after all,0.0
african,0.0
africa,0.0
afraid,0.0
stupid and,0.0
afghanistan,0.0
afford,0.0
affect,0.0
af and,0.0
studying,0.0
students and,0.0
students,0.0
admire,0.0
admiration feel,0.0
admiration,0.0
adele,0.0
address,0.0
added video,0.0
added photo,0.0
sunshine,0.0
add,0.0
summer,0.0
ad https,0.0
ad,0.0
actually have,0.0
suits,0.0
actors,0.0
activity,0.0
active,0.0
actions,0.0
suite,0.0
suit,0.0
acting,0.0
suicide,0.0
act,0.0
across the,0.0
sugar,0.0
suddenly,0.0
sucks,0.0
suck,0.0
survive the,0.0
adorable,0.0
accidentally,0.0
survive,0.0
accepted,0.0
survey,0.0
surprise,0.0
surgery,0.0
above,0.0
about your,0.0
sure you,0.0
about to,0.0
about their,0.0
sure it,0.0
actually be,0.0
sure if,0.0
supposed,0.0
acts,0.0
about having,0.0
supernatural,0.0
supergirl,0.0
_ùõû,0.0
_ùõø,0.0
_ùõð you,0.0
tag starts,0.0
_ùõï,0.0
taco,0.0
switch,0.0
sweepstakes,0.0
sweep,0.0
account try,0.0
sweat,0.0
according to,0.0
according,0.0
talent,0.0
taking the,0.0
_ùôû,0.0
take to,0.0
_ùô__ù,0.0
_ùô_,0.0
take the,0.0
take that,0.0
take care,0.0
_ùó https,0.0
target,0.0
tape,0.0
about me,0.0
tamdeanburn,0.0
tall,0.0
about his,0.0
talktalk,0.0
talking to,0.0
_ù_â so,0.0
_ù_â,0.0
talking about,0.0
_ù õ_ù,0.0
_ù ô_ù,0.0
talkin,0.0
talked to,0.0
talked,0.0
talk to,0.0
talk about,0.0
teachers,0.0
tea and,0.0
_ùõ https,0.0
taxi,0.0
tax credit,0.0
_á,0.0
__ù_,0.0
taught,0.0
tattoo,0.0
tastes,0.0
tell them,0.0
tell the,0.0
_ùð _ù,0.0
_ùð,0.0
_ùî_,0.0
_ùªö,0.0
tell him,0.0
teeth,0.0
_ùª lottietommo,0.0
teen,0.0
5th,0.0
technology,0.0
techniques,0.0
technically,0.0
500,0.0
tears,0.0
4th,0.0
text back,0.0
texans,0.0
terrible,0.0
tend to,0.0
_ù â_ùîù,0.0
_ù á_ù,0.0
_ù sparksflylarry,0.0
tend,0.0
ten,0.0
31st,0.0
31,0.0
30th,0.0
temple,0.0
30 and,0.0
temp,0.0
tells me,0.0
that all,0.0
thankyou,0.0
thanksgiving,0.0
99,0.0
95,0.0
90,0.0
8th,0.0
65,0.0
60,0.0
2011,0.0
200,0.0
thankful for,0.0
thankful,0.0
than the,0.0
than me,0.0
42,0.0
than just,0.0
3rd,0.0
3mp camera,0.0
th,0.0
39,0.0
35,0.0
tf,0.0
34,0.0
texts,0.0
10 in,0.0
text me,0.0
that got,0.0
that good,0.0
that go,0.0
1d,0.0
19,0.0
that girl,0.0
18,0.0
17,0.0
16th,0.0
that for,0.0
15m it,0.0
that feeling,0.0
150,0.0
that don,0.0
10 years,0.0
that am,0.0
hang,0.0
hands,0.0
handle,0.0
that much,0.0
ham,0.0
halo,0.0
that moment,0.0
that means,0.0
that makes,0.0
hall,0.0
13th,0.0
13,0.0
12,0.0
1000,0.0
